/*
Navicat MySQL Data Transfer

Source Server         : mod4khvorostianenko

Target Server Type    : MYSQL
Target Server Version : 100017
File Encoding         : 65001

Date: 2016-09-22 10:10:31
*/

SET FOREIGN_KEY_CHECKS=0;

-- ----------------------------
-- Table structure for ad
-- ----------------------------
DROP TABLE IF EXISTS `ad`;
CREATE TABLE `ad` (
  `id` int(3) NOT NULL AUTO_INCREMENT,
  `name` varchar(255) DEFAULT NULL,
  `price` int(10) DEFAULT NULL,
  `href` varchar(255) CHARACTER SET cp1251 DEFAULT NULL,
  `company` varchar(255) CHARACTER SET cp1251 DEFAULT NULL,
  `telephone` varchar(255) CHARACTER SET cp1251 DEFAULT NULL,
  `counter` int(10) NOT NULL DEFAULT '0',
  `is_published` int(1) DEFAULT NULL,
  `image` varchar(500) DEFAULT NULL,
  PRIMARY KEY (`id`)
) ENGINE=InnoDB AUTO_INCREMENT=13 DEFAULT CHARSET=utf8;

-- ----------------------------
-- Records of ad
-- ----------------------------
INSERT INTO `ad` VALUES ('1', 'Iphone', '10000', 'http://www.citrus.ua/', 'Citrus', '0501410807', '28', '1', '/img/ad/Citrus/image.png');
INSERT INTO `ad` VALUES ('2', 'Samsung', '7500', 'http://www.samsung.com/ua/home/', 'Samsung', '044-205-25-25', '75', '1', '/img/ad/Samsung/image.png');
INSERT INTO `ad` VALUES ('5', 'Nokia 6700', '800', 'http://www.nokia.com/', 'Nokia', '+1-837-57-57', '119', '1', '/img/ad/Nokia/image.png');
INSERT INTO `ad` VALUES ('6', 'Велосипед', '19200', 'http://drive-sport.com.ua/', 'drive-sport', '0506267887', '51', '1', '/img/ad/drive-sport/image.png');
INSERT INTO `ad` VALUES ('7', 'Бумага', '100', 'http://officelux.com.ua/', 'officelux', '044-2020205', '1', '1', '/img/ad/officelux/image.png');
INSERT INTO `ad` VALUES ('8', 'Самокат', '1200', 'http://samokatik.com.ua/', 'samokatik', '050-122-1212', '0', '1', '/img/ad/samokatik/image.png');
INSERT INTO `ad` VALUES ('9', 'Шариковые ручки', '25', 'http://panama.ua/', 'panama', '063-201-21-25', '0', '1', '/img/ad/panama/image.png');
INSERT INTO `ad` VALUES ('10', 'Ноутбуки', '32000', 'http://avic.ua/', 'avic', '067-202-1212', '0', '1', '/img/ad/avic/image.png');
INSERT INTO `ad` VALUES ('11', 'Кружка', '10', 'http://www.tarelki.com.ua/catalog/Chashki-i-Kruzhki/', 'tarelki', '050-1010101', '165', '1', '/img/ad/tarelki/image.png');
INSERT INTO `ad` VALUES ('12', 'Картины', '1000', 'www.kartina.ua', 'kartina', '0502052020', '0', '1', '/img/ad/kartina/image.png');

-- ----------------------------
-- Table structure for categories
-- ----------------------------
DROP TABLE IF EXISTS `categories`;
CREATE TABLE `categories` (
  `id` int(11) NOT NULL AUTO_INCREMENT,
  `name` varchar(50) CHARACTER SET cp1251 NOT NULL,
  `is_published` int(1) NOT NULL DEFAULT '0',
  `show_method` int(2) NOT NULL,
  PRIMARY KEY (`id`)
) ENGINE=InnoDB AUTO_INCREMENT=11 DEFAULT CHARSET=utf8;

-- ----------------------------
-- Records of categories
-- ----------------------------
INSERT INTO `categories` VALUES ('1', 'Спорт', '1', '1');
INSERT INTO `categories` VALUES ('2', 'IT', '1', '2');
INSERT INTO `categories` VALUES ('3', 'Политика', '1', '3');
INSERT INTO `categories` VALUES ('4', 'Медицина', '1', '4');
INSERT INTO `categories` VALUES ('5', 'Аналитика', '1', '7');
INSERT INTO `categories` VALUES ('6', 'Культура', '1', '5');
INSERT INTO `categories` VALUES ('7', 'Образование', '1', '6');

-- ----------------------------
-- Table structure for comments
-- ----------------------------
DROP TABLE IF EXISTS `comments`;
CREATE TABLE `comments` (
  `id` int(6) NOT NULL AUTO_INCREMENT,
  `id_news` int(2) DEFAULT NULL,
  `id_user` int(2) DEFAULT NULL,
  `likes` int(6) DEFAULT NULL,
  `text` longtext,
  `date` datetime DEFAULT NULL,
  `is_published` int(1) DEFAULT NULL,
  `parent_id` int(6) DEFAULT NULL,
  PRIMARY KEY (`id`),
  KEY `id_news` (`id_news`),
  KEY `id_user` (`id_user`),
  CONSTRAINT `id_news` FOREIGN KEY (`id_news`) REFERENCES `news` (`id`) ON DELETE CASCADE ON UPDATE CASCADE,
  CONSTRAINT `id_user` FOREIGN KEY (`id_user`) REFERENCES `users` (`id`) ON DELETE CASCADE ON UPDATE CASCADE
) ENGINE=InnoDB AUTO_INCREMENT=102 DEFAULT CHARSET=utf8;

-- ----------------------------
-- Records of comments
-- ----------------------------
INSERT INTO `comments` VALUES ('1', '1', '3', '0', '3', '2016-09-15 14:33:15', '1', '0');
INSERT INTO `comments` VALUES ('2', '2', '3', '18', 'Как всегда - все точно сказано', '2016-09-15 15:16:43', '1', '0');
INSERT INTO `comments` VALUES ('4', '2', '3', '4', 'Полезные новости на этот день', '2016-09-15 15:18:01', '1', '0');
INSERT INTO `comments` VALUES ('8', '2', '11', '6', 'Мир меняется, технологии управляют нашей жизнью', '2016-09-15 16:55:52', '1', '0');
INSERT INTO `comments` VALUES ('11', '2', '3', '1', 'Мнения разные', '2016-09-15 18:12:46', '1', '0');
INSERT INTO `comments` VALUES ('17', '2', '11', '13', 'Все верно', '2016-09-15 18:17:18', '1', '0');
INSERT INTO `comments` VALUES ('19', '11', '3', '0', 'Первый комментари!', '2016-09-15 18:22:26', '1', '0');
INSERT INTO `comments` VALUES ('20', '11', '3', '0', 'Второй!', '2016-09-15 18:22:37', '1', '0');
INSERT INTO `comments` VALUES ('21', '5', '11', '6', ' А также реальное распределение букв и пробелов в абзацах', '2016-09-15 18:35:02', '1', '0');
INSERT INTO `comments` VALUES ('22', '1', '15', '6', 'Aliquam pharetra porttitor nibh vitae lacinia.', '2016-09-15 18:35:41', '1', '0');
INSERT INTO `comments` VALUES ('23', '3', '3', '13', 'Его популяризации в новое время послужили публикация листов Letraset с образцами Lorem Ipsum в 60-х годах', '2016-09-15 18:36:01', '1', '0');
INSERT INTO `comments` VALUES ('24', '4', '3', '4', 'Этот трактат по теории этики был очень популярен в эпоху Возрождения.', '2016-09-15 18:36:22', '1', '0');
INSERT INTO `comments` VALUES ('25', '6', '12', '3', 'Первый коммент', '2016-09-15 20:31:22', '1', '0');
INSERT INTO `comments` VALUES ('26', '6', '13', '0', 'Согласен', '2016-09-15 20:40:07', '1', '25');
INSERT INTO `comments` VALUES ('27', '6', '13', '2', 'Не согласен', '2016-09-15 20:40:23', '1', '25');
INSERT INTO `comments` VALUES ('28', '6', '14', '0', 'Может и не я', '2016-09-15 20:40:34', '1', '27');
INSERT INTO `comments` VALUES ('29', '6', '15', '0', 'Возможнсо!', '2016-09-15 20:40:44', '1', '0');
INSERT INTO `comments` VALUES ('30', '1', '15', '1', 'Hello World!', '2016-09-15 21:20:32', '1', '22');
INSERT INTO `comments` VALUES ('31', '1', '10', '3', 'Вам тоже всем привет!', '2016-09-15 21:20:57', '1', '0');
INSERT INTO `comments` VALUES ('32', '2', '3', '3', 'asdgsg', '2016-09-15 23:18:16', '1', '0');
INSERT INTO `comments` VALUES ('33', '43', '3', '9', 'И снова цензура!\r\n', '2016-09-15 23:22:25', '1', '0');
INSERT INTO `comments` VALUES ('34', '43', '3', '5', 'Да ладно!)', '2016-09-15 23:25:37', '1', '0');
INSERT INTO `comments` VALUES ('35', '43', '3', '8', 'Не согласен.', '2016-09-15 23:26:35', '1', '33');
INSERT INTO `comments` VALUES ('36', '3', '3', '0', '3', '2016-09-15 23:44:25', '1', '3');
INSERT INTO `comments` VALUES ('37', '43', '3', '0', 'И снова привет!', '2016-09-16 08:35:36', '1', '0');
INSERT INTO `comments` VALUES ('38', '25', '3', '2', 'Комментарий', '2016-09-16 08:38:45', '1', '0');
INSERT INTO `comments` VALUES ('39', '25', '3', '4', 'Ок', '2016-09-16 08:38:56', '1', '38');
INSERT INTO `comments` VALUES ('40', '5', '3', '12', ' За прошедшие годы текст Lorem Ipsum получил много версий', '2016-09-16 09:44:56', '1', '21');
INSERT INTO `comments` VALUES ('41', '41', '3', '0', 'Вместе с тем в Братиславе будет предложен план действий ЕС до римской встречи.', '2016-09-16 09:45:27', '1', '0');
INSERT INTO `comments` VALUES ('42', '1', '3', '0', 'Quisque ante arcu, interdum vitae suscipit ac, ultricies eget massa. Nunc malesuada nibh lectus, sed fringilla nisi interdum a.', '2016-09-16 09:47:11', '1', '0');
INSERT INTO `comments` VALUES ('46', '2', '3', '1', 'Согласен с Вами!', '2016-09-16 10:25:28', '1', '8');
INSERT INTO `comments` VALUES ('47', '42', '13', '1', 'Та невже!', '2016-09-16 10:28:53', '1', '0');
INSERT INTO `comments` VALUES ('48', '30', '13', '0', 'В то же время отмечается, что во всем нужна мера ', '2016-09-16 10:32:28', '1', '0');
INSERT INTO `comments` VALUES ('49', '32', '12', '0', 'В то же время отмечается, что во всем нужна мера ', '2016-09-16 10:36:52', '1', '0');
INSERT INTO `comments` VALUES ('50', '32', '12', '0', 'А еще в перце много микроэлементов: калий (нужен для сердца и сосудов), йод...', '2016-09-16 10:37:13', '1', '0');
INSERT INTO `comments` VALUES ('51', '22', '12', '0', 'Одной из задач проекта является создание платформы для быстрой проверки достоверности новостей', '2016-09-16 10:37:36', '1', '0');
INSERT INTO `comments` VALUES ('54', '2', '3', '4', 'Ок', '2016-09-16 11:25:37', '1', '8');
INSERT INTO `comments` VALUES ('55', '2', '3', '6', ';)', '2016-09-16 11:26:10', '1', '2');
INSERT INTO `comments` VALUES ('56', '2', '3', '22', 'Не согласен!', '2016-09-16 11:28:15', '1', '17');
INSERT INTO `comments` VALUES ('57', '25', '3', '5', 'Интересная статья', '2016-09-16 16:26:48', '1', '0');
INSERT INTO `comments` VALUES ('58', '25', '3', '0', 'Да', '2016-09-16 16:27:03', '1', '57');
INSERT INTO `comments` VALUES ('59', '25', '3', '17', 'PHP Academy - the best!', '2016-09-16 16:27:24', '1', '0');
INSERT INTO `comments` VALUES ('60', '5', '3', '3', 'Странная статья', '2016-09-17 23:40:53', '1', '0');
INSERT INTO `comments` VALUES ('61', '15', '3', '0', 'Первый комментарий', '2016-09-17 23:41:13', '1', '0');
INSERT INTO `comments` VALUES ('62', '5', '3', '8', 'Оставьте свой email', '2016-09-17 23:51:05', '1', '0');
INSERT INTO `comments` VALUES ('63', '5', '3', '0', 'Ок', '2016-09-17 23:51:17', '1', '62');
INSERT INTO `comments` VALUES ('64', '5', '3', '0', 'Не думаю', '2016-09-18 00:00:52', '1', '63');
INSERT INTO `comments` VALUES ('65', '21', '3', '8', 'Продуктивный диалог!', '2016-09-18 00:02:05', '1', '0');
INSERT INTO `comments` VALUES ('66', '5', '3', '0', 'Мой коммент', '2016-09-18 16:51:41', '1', '0');
INSERT INTO `comments` VALUES ('67', '5', '3', '0', 'Мой коммент №2', '2016-09-18 16:56:07', '1', '0');
INSERT INTO `comments` VALUES ('68', '5', '3', '0', 'Мой коммент №2', '2016-09-18 17:00:45', '1', '0');
INSERT INTO `comments` VALUES ('69', '5', '3', '0', 'Мой коммент №2', '2016-09-18 17:03:39', '1', '0');
INSERT INTO `comments` VALUES ('70', '5', '3', '1', 'ПРоверяем выдержку. 1 2 3', '2016-09-18 18:08:02', '1', '0');
INSERT INTO `comments` VALUES ('71', '5', '3', '0', 'Новый коммент', '2016-09-18 18:32:59', '1', '0');
INSERT INTO `comments` VALUES ('72', '5', '3', '0', 'Не согласен 18Ж33', '2016-09-18 18:33:14', '1', '70');
INSERT INTO `comments` VALUES ('73', '15', '13', '0', 'Suspendisse mi ex, congue quis velit scelerisque, scelerisque convallis risus. ', '2016-09-18 19:33:53', '1', '0');
INSERT INTO `comments` VALUES ('74', '15', '13', '0', ' Mauris tempus sollicitudin nisl, auctor rutrum purus viverra quis. In at fringilla sapien.', '2016-09-18 19:34:08', '1', '0');
INSERT INTO `comments` VALUES ('75', '15', '13', '0', 'Morbi fermentum euismod sem at varius. ', '2016-09-18 19:34:28', '1', '61');
INSERT INTO `comments` VALUES ('76', '2', '3', '0', 'Угу!', '2016-09-19 00:48:57', '1', '11');
INSERT INTO `comments` VALUES ('77', '5', '3', '0', 'Актуальная новость', '2016-09-19 10:01:43', '1', '0');
INSERT INTO `comments` VALUES ('78', '5', '3', '0', '+++', '2016-09-19 10:01:48', '1', '0');
INSERT INTO `comments` VALUES ('79', '21', '3', '0', '++', '2016-09-19 10:02:18', '1', '65');
INSERT INTO `comments` VALUES ('80', '21', '3', '0', '+++', '2016-09-19 10:02:25', '1', '0');
INSERT INTO `comments` VALUES ('81', '34', '3', '0', 'фуп', '2016-09-19 10:03:10', '1', '0');
INSERT INTO `comments` VALUES ('82', '21', '3', '0', '++', '2016-09-19 10:03:34', '0', '0');
INSERT INTO `comments` VALUES ('83', '5', '3', '0', '!!!', '2016-09-19 10:03:53', '1', '78');
INSERT INTO `comments` VALUES ('84', '21', '3', '0', 'Согласен', '2016-09-19 10:07:28', '0', '80');
INSERT INTO `comments` VALUES ('85', '4', '16', '0', '+++', '2016-09-19 10:45:18', '1', '24');
INSERT INTO `comments` VALUES ('86', '43', '16', '0', '+', '2016-09-19 10:46:13', '0', '37');
INSERT INTO `comments` VALUES ('87', '43', '16', '0', 'не совсем', '2016-09-19 10:46:56', '0', '33');
INSERT INTO `comments` VALUES ('88', '27', '3', '0', 'Первый коммент', '2016-09-19 11:11:57', '0', '0');
INSERT INTO `comments` VALUES ('89', '2', '3', '0', 'Доброе утро, страна!', '2016-09-20 15:38:06', '1', '0');
INSERT INTO `comments` VALUES ('90', '2', '3', '0', 'Phasellus sit amet felis sodales', '2016-09-20 15:38:48', '1', '0');
INSERT INTO `comments` VALUES ('91', '2', '3', '0', 'euismod euismod ut ac nis', '2016-09-20 15:38:57', '1', '0');
INSERT INTO `comments` VALUES ('92', '2', '3', '0', 'Ut sollicitudin convallis odio', '2016-09-20 15:39:06', '1', '0');
INSERT INTO `comments` VALUES ('93', '5', '3', '0', '+++', '2016-09-20 15:39:20', '1', '0');
INSERT INTO `comments` VALUES ('94', '5', '3', '0', '---', '2016-09-20 15:39:24', '1', '0');
INSERT INTO `comments` VALUES ('95', '5', '3', '0', 'Согласен', '2016-09-20 15:39:29', '1', '0');
INSERT INTO `comments` VALUES ('96', '47', '3', '0', 'Nam laoreet diam et sem commodo sodales. Integer at leo pellentesque, vulputate lorem in, cursus nibh. Sed suscipit consequat neque, ac facilisis sem porttitor vel', '2016-09-20 15:39:46', '1', '0');
INSERT INTO `comments` VALUES ('97', '47', '3', '0', 'Quisque ut consectetur magna. In ac ante dui', '2016-09-20 15:39:55', '1', '0');
INSERT INTO `comments` VALUES ('98', '47', '3', '0', 'Quisque cursus, orci at tincidunt ornare, ex odio facilisis felis', '2016-09-20 15:40:02', '1', '0');
INSERT INTO `comments` VALUES ('99', '47', '3', '0', ' in consequat urna magna eu lacus', '2016-09-20 15:40:11', '1', '97');
INSERT INTO `comments` VALUES ('100', '47', '3', '0', ' in consequat urna !!!', '2016-09-20 15:40:14', '1', '0');
INSERT INTO `comments` VALUES ('101', '3', '3', '0', 'Согласен', '2016-09-21 19:18:33', '1', '23');

-- ----------------------------
-- Table structure for menu
-- ----------------------------
DROP TABLE IF EXISTS `menu`;
CREATE TABLE `menu` (
  `id` int(3) NOT NULL AUTO_INCREMENT,
  `name` varchar(255) CHARACTER SET utf8 DEFAULT NULL,
  `parent_id` int(3) DEFAULT NULL,
  `show_method` int(3) NOT NULL,
  `href` varchar(255) COLLATE utf8_unicode_ci NOT NULL DEFAULT '',
  PRIMARY KEY (`id`)
) ENGINE=InnoDB AUTO_INCREMENT=32 DEFAULT CHARSET=utf8 COLLATE=utf8_unicode_ci;

-- ----------------------------
-- Records of menu
-- ----------------------------
INSERT INTO `menu` VALUES ('1', 'Главная', '0', '1', '/');
INSERT INTO `menu` VALUES ('2', 'Категории', '0', '2', '#');
INSERT INTO `menu` VALUES ('3', 'Новости', '0', '3', '/news/widesearch/1');
INSERT INTO `menu` VALUES ('4', 'Личный кабинет', '0', '7', '/signin');
INSERT INTO `menu` VALUES ('5', 'Регистрация', '0', '5', '/signup');
INSERT INTO `menu` VALUES ('6', 'Админка', '0', '6', '/admin');
INSERT INTO `menu` VALUES ('7', 'Каскадное', '0', '4', '#');
INSERT INTO `menu` VALUES ('9', 'Спорт', '2', '1', '/news/categories/1');
INSERT INTO `menu` VALUES ('10', 'IT', '2', '2', '/news/categories/2');
INSERT INTO `menu` VALUES ('11', 'Политика', '2', '3', '/news/categories/3');
INSERT INTO `menu` VALUES ('12', 'Медицина', '2', '4', '/news/categories/4');
INSERT INTO `menu` VALUES ('13', 'Культура', '2', '6', '/news/categories/6');
INSERT INTO `menu` VALUES ('14', 'Образование', '2', '7', '	/news/categories/7');
INSERT INTO `menu` VALUES ('15', 'Аналитика', '2', '5', '	/news/categories/5');
INSERT INTO `menu` VALUES ('16', 'каскад 1 ', '7', '1', '#');
INSERT INTO `menu` VALUES ('17', 'каскад 2', '7', '2', '#');
INSERT INTO `menu` VALUES ('18', 'каскад 3', '7', '3', '#');
INSERT INTO `menu` VALUES ('19', 'каскад 4', '7', '4', '#');
INSERT INTO `menu` VALUES ('20', 'каскад 5', '7', '5', '#');
INSERT INTO `menu` VALUES ('21', 'каскад 1.1', '16', '1', '#');
INSERT INTO `menu` VALUES ('22', 'каскад 1.2', '16', '2', '#');
INSERT INTO `menu` VALUES ('23', 'каскад 1.3', '16', '3', '#');
INSERT INTO `menu` VALUES ('24', 'каскад 1.1.1', '21', '1', '#');
INSERT INTO `menu` VALUES ('25', 'каскад 1.1.2', '21', '2', '#');
INSERT INTO `menu` VALUES ('27', 'каскад 1.2.1', '22', '1', '#');
INSERT INTO `menu` VALUES ('28', 'каскад 1.2.2', '22', '2', '#');
INSERT INTO `menu` VALUES ('29', 'каскад 1.2.2.1', '28', '1', '#');
INSERT INTO `menu` VALUES ('30', 'каскад 1.2.2.2', '28', '3', '#');
INSERT INTO `menu` VALUES ('31', 'каскад 1.2.2.3', '28', '2', '#');

-- ----------------------------
-- Table structure for news
-- ----------------------------
DROP TABLE IF EXISTS `news`;
CREATE TABLE `news` (
  `id` int(2) NOT NULL AUTO_INCREMENT,
  `id_categories` int(3) DEFAULT NULL,
  `date` datetime DEFAULT NULL,
  `title` varchar(255) CHARACTER SET cp1251 DEFAULT NULL,
  `content` longtext CHARACTER SET cp1251,
  `show_counter` int(5) DEFAULT NULL,
  `tags` varchar(255) CHARACTER SET cp1251 DEFAULT NULL,
  `analitycs` int(1) DEFAULT NULL,
  `is_published` int(1) DEFAULT '0',
  PRIMARY KEY (`id`),
  KEY `id_categories` (`id_categories`),
  CONSTRAINT `news_ibfk_1` FOREIGN KEY (`id_categories`) REFERENCES `categories` (`id`) ON DELETE CASCADE
) ENGINE=InnoDB AUTO_INCREMENT=48 DEFAULT CHARSET=utf8;

-- ----------------------------
-- Records of news
-- ----------------------------
INSERT INTO `news` VALUES ('1', '3', '2016-09-18 09:18:53', 'Nequ porro quisquam est qui dolorem ipsum quia dolor sit amet, consectetur, adipisci velit', '<p><img alt=\"\" src=\"/webroot/img/news/149-82ee6f663505058e2df8a15a5a813d7a.jpg\" style=\"float:left; height:200px; margin:10px; width:300px\" /><span style=\"font-family:Arial,Helvetica,sans-serif\">Lorem ipsum dolor sit amet, consectetur adipiscing elit. &nbsp;Aliquam pharetra porttitor nibh vitae lacinia. &nbsp;Quisque ante arcu, interdum vitae suscipit ac, ultricies eget massa. &nbsp;Nunc malesuada nibh lectus, sed fringilla nisi interdum a. &nbsp;Etiam ornare quis enim sed sodales. &nbsp;Donec ut felis laoreet, venenatis velit sit amet, viverra odio. &nbsp;Proin erat nulla, laoreet in sem sit amet, pharetra fermentum magna. Suspendisse ut eros hendrerit, commodo mi fringilla, pellentesque purus. &nbsp;Etiam gravida placerat justo. </span>Nunc consequat odio eget ante pulvinar egestas. &nbsp;Etiam nec nisl eget odio congue sagittis. Nam cursus rutrum cursus. Morbi non urna tortor. Nulla facilisis sodales felis id ultrices. Vestibulum tortor sem, faucibus eget rhoncus id, tempor sed nibh. Lorem ipsum dolor sit amet, consectetur adipiscing elit. Aliquam pharetra porttitor nibh vitae lacinia. Quisque ante arcu, interdum vitae suscipit ac, ultricies eget massa. Nunc malesuada nibh lectus, sed fringilla nisi interdum a. Etiam ornare quis enim sed sodales. Donec ut felis laoreet, venenatis velit sit amet, viverra odio. Proin erat nulla, laoreet in sem sit amet, pharetra fermentum magna. Suspendisse ut eros hendrerit, commodo mi fringilla, pellentesque purus. Etiam gravida placerat justo. Nunc consequat odio eget ante pulvinar egestas. Etiam nec nisl eget odio congue sagittis. Nam cursus rutrum cursus. Morbi non urna tortor. Nulla facilisis sodales felis id ultrices. Vestibulum tortor sem, faucibus eget rhoncus id, tempor sed nibh.Vestibulum tortor sem, faucibus eget rhoncus id, tempor sed nibh. Lorem ipsum dolor sit amet, consectetur adipiscing elit. Aliquam pharetra porttitor nibh vitae lacinia. Quisque ante arcu, interdum vitae suscipit ac, ultricies eget massa. Nunc malesuada nibh lectus, sed fringilla nisi interdum a.&nbsp;Vestibulum tortor sem, faucibus eget rhoncus id, tempor sed nibh. Lorem ipsum dolor sit amet, consectetur adipiscing elit. Aliquam pharetra porttitor nibh vitae lacinia. Quisque ante arcu, interdum vitae suscipit ac, ultricies eget massa. Nunc malesuada nibh lectus, sed fringilla nisi interdum a.&nbsp;<img alt=\"\" src=\"/img/news/686-032b2cc936860b03048302d991c3498f.jpg\" style=\"height:34px; width:40px\" /></p>\r\n', '5325', 'Украина, партии, депутат', '1', '1');
INSERT INTO `news` VALUES ('2', '1', '2016-09-17 23:59:27', 'In libero nibh, sagittis nec elementum vel, varius sed enim', '<p>In libero nibh, sagittis nec elementum vel, varius sed enim. Morbi pharetra, mi ut pellentesque placerat, dui metus dignissim arcu, quis fringilla massa ligula at lorem. Donec commodo leo mauris, sit amet sollicitudin mauris dictum non. Donec arcu eros, interdum sodales commodo nec, dapibus eu lacus. Suspendisse nisl tortor, congue ut eros vitae, sollicitudin scelerisque urna. Proin tincidunt dolor laoreet dui euismod condimentum. Aenean et ligula vel dolor consequat varius sit amet ut lorem. Nullam vitae dolor sit amet tortor tempus tincidunt sed a diam. Integer convallis dolor sapien, vel porttitor augue malesuada a. Mauris turpis arcu, cursus id augue ac, bibendum tempor turpis. Ut interdum augue vel ante lacinia, in lacinia est luctus. Quisque dui purus, tempor a sapien ut, varius sagittis felis. Aliquam non vulputate metus, nec consectetur ante. Nam id convallis mauris. Donec euismod nisl dolor, sed finibus libero condimentum a. Nam dignissim aliquam justo lacinia dignissim.</p>\r\n', '10851', 'спорт, футбол', '1', '1');
INSERT INTO `news` VALUES ('3', '1', '2016-09-17 23:17:56', 'Что такое Lorem Ipsum?', '<p>Lorem Ipsum - это текст-&quot;рыба&quot;, часто используемый в печати и вэб-дизайне. Lorem Ipsum является стандартной &quot;рыбой&quot; для текстов на латинице с начала XVI века. В то время некий безымянный печатник создал большую коллекцию размеров и форм шрифтов, используя Lorem Ipsum для распечатки образцов. Lorem Ipsum не только успешно пережил без заметных изменений пять веков, но и перешагнул в электронный дизайн. Его популяризации в новое время послужили публикация листов Letraset с образцами Lorem Ipsum в 60-х годах и, в более недавнее время, программы электронной вёрстки типа Aldus PageMaker, в шаблонах которых используется Lorem Ipsum.</p>\r\n', '191', 'футбол, шахтер', '1', '1');
INSERT INTO `news` VALUES ('4', '1', '2016-09-17 23:18:01', 'Откуда он появился?', '<p>Многие думают, что Lorem Ipsum - взятый с потолка п<strong>севдо-латинский</strong> набор слов, но это не совсем так. Его корни уходят в один фрагмент классической латыни 45 года н.э., то есть более двух тысячелетий назад. Ричард МакКлинток, профессор латыни из колледжа Hampden-Sydney, штат Вирджиния, взял одно из самых странных слов в Lorem Ipsum, &quot;consectetur&quot;, и занялся его поисками в классической латинской литературе. В результате он нашёл неоспоримый первоисточник Lorem Ipsum в разделах 1.10.32 и 1.10.33 книги &quot;de Finibus Bonorum et Malorum&quot; (&quot;О пределах добра и зла&quot;), написанной Цицероном в 45 году н.э. Этот трактат по теории этики был очень популярен в эпоху Возрождения. Первая строка Lorem Ipsum, &quot;Lorem ipsum dolor sit amet..&quot;, происходит от одной из строк в разделе 1.10.32 Классический текст Lorem Ipsum, используемый с XVI века, приведён ниже. Также даны разделы 1.10.32 и 1.10.33 &quot;de Finibus Bonorum et Malorum&quot; Цицерона и их английский перевод, сделанный H. Rackham, 1914 год.</p>\r\n', '1722', 'спорт, баскетбол ', '1', '1');
INSERT INTO `news` VALUES ('5', '1', '2016-09-17 23:18:08', 'Почему он используется?', '<p>Давно выяснено, что при оценке дизайна и композиции читаемый текст мешает сосредоточиться. Lorem Ipsum используют потому, что тот обеспечивает более или менее стандартное заполнение шаблона, а также реальное распределение букв и пробелов в абзацах, которое не получается при простой дубликации &quot;Здесь ваш текст.. Здесь ваш текст.. Здесь ваш текст..&quot; Многие программы электронной вёрстки и редакторы HTML используют Lorem Ipsum в качестве текста по умолчанию, так что поиск по ключевым словам &quot;lorem ipsum&quot; сразу показывает, как много веб-страниц всё ещё дожидаются своего настоящего рождения. За прошедшие годы текст Lorem Ipsum получил много версий. Некоторые версии появились по ошибке, некоторые - намеренно (например, юмористические варианты).</p>\r\n', '4386', 'спорт, киев, плаванье', '1', '1');
INSERT INTO `news` VALUES ('6', '2', '2016-09-17 23:18:15', 'Где его взять?', '<p>Есть много вариантов Lorem Ipsum, но большинство из них имеет не всегда приемлемые модификации, например, юмористические вставки или слова, которые даже отдалённо не напоминают латынь. Если вам нужен Lorem Ipsum для серьёзного проекта, вы наверняка не хотите какой-нибудь шутки, скрытой в середине абзаца. Также все другие известные генераторы Lorem Ipsum используют один и тот же текст, который они просто повторяют, пока не достигнут нужный объём. Это делает предлагаемый здесь генератор единственным настоящим Lorem Ipsum генератором. Он использует словарь из более чем 200 латинских слов, а также набор моделей предложений. В результате сгенерированный Lorem Ipsum выглядит правдоподобно, не имеет повторяющихся абзацей или &quot;невозможных&quot; слов.</p>\r\n', '1881', 'лорем, технологии, стили, IT', '1', '1');
INSERT INTO `news` VALUES ('7', '2', '2016-09-17 23:18:23', 'Переклад Х.Рекема англійською, 1914', '<p>&quot;On the other hand, we denounce with righteous indignation and dislike men who are so beguiled and demoralized by the charms of pleasure of the moment, so blinded by desire, that they cannot foresee the pain and trouble that are bound to ensue; and equal blame belongs to those who fail in their duty through weakness of will, which is the same as saying through shrinking from toil and pain. These cases are perfectly simple and easy to distinguish. In a free hour, when our power of choice is untrammelled and when nothing prevents our being able to do what we like best, every pleasure is to be welcomed and every pain avoided. But in certain circumstances and owing to the claims of duty or the obligations of business it will frequently occur that pleasures have to be repudiated and annoyances accepted. The wise man therefore always holds in these matters to this principle of selection: he rejects pleasures to secure other greater pleasures, or else he endures pains to avoid worse pains.&quot;</p>\r\n', '39', 'лорем, технологии, теги', '1', '1');
INSERT INTO `news` VALUES ('8', '2', '2016-09-14 21:15:04', 'Epicuri necessitatibus sed te, eu mandamus interesset efficiantur qui.', '<p>Epicuri necessitatibus sed te, eu mandamus interesset efficiantur qui. Legere atomorum qui ne, liber sanctus signiferumque ei vel, ut magna similique deterruisset his. Sale ocurreret mea te. Mea persius iracundia an, eu vel omnium deseruisse. Nisl exerci corrumpit cum ut, no inani indoctum eam. Sed ea vidit commodo, epicuri complectitur sed cu. Ius enim probo facete cu, ea alii iusto necessitatibus pri. Cu feugiat appareat apeirian per, duo in wisi platonem. Te qui mediocrem reprimique, an pro oportere postulant hendrerit. Ex mea erat adipisci. No qui novum regione reformidans.</p>\r\n', '49', 'программа, веб, разработчик', '0', '1');
INSERT INTO `news` VALUES ('9', '2', '2016-09-14 21:14:54', 'Ei pro debitis voluptua pertinax, mutat legimus tractatos his ut.', '<p>Ei pro debitis voluptua pertinax, mutat legimus tractatos his ut. Antiopam perpetua at sit. Causae accusam noluisse vix no. Nibh audiam apeirian ne vim. At eos tale graecis erroribus. Legere doming his an. Altera debitis te vis. Tollit animal cum no, vituperata definitiones cu cum, est noster tincidunt in. Sea dictas laoreet an. Vis saepe dissentiet no, vis vide liber ei.</p>\r\n', '50', 'компилятор, php, переменные', '0', '1');
INSERT INTO `news` VALUES ('10', '2', '2016-09-14 21:14:48', 'Ex civibus denique concludaturque mei, sed legere torquatos no. ', '<p>Detracto repudiandae cum cu, nec nibh numquam ei. Albucius quaestio ex est, no mel eripuit impedit rationibus. Te sea affert evertitur, cu saperet similique honestatis eam. Erat nonumy dolorem te duo, no has solum contentiones. Ei aliquid habemus quo, dissentiet contentiones eu vel, modo elitr ut eum. Scriptorem interpretaris no eos. Ex civibus denique concludaturque mei, sed legere torquatos no. Per ei adipiscing interesset, sit mucius corpora ad. Percipit iudicabit scribentur in vis. Ludus quaeque ut nam. Sea ex option dolores contentiones, laboramus persequeris pri no. In has aperiri equidem, et mea illud possim timeam. Mel ne virtute senserit principes, sed eu augue pericula.</p>\r\n', '50', 'сессии, шаблоны, формы', '0', '1');
INSERT INTO `news` VALUES ('11', '2', '2016-09-14 21:22:05', 'Что такое куки? - Курс Cookies в PHP от Devionity', '<p><strong>Куки</strong> (Cookies - печеньки) - это информация, которая сохраняется в физической памяти на стороне клиента и может быть отправлена вместе с HTTP запросом на сервер. Куки передаются на сервер в качестве HTTP заголовка Cookie в виде название=значение. В PHP для работы с куками существует суперглобальная переменная $_COOKIES, а также несколько специальных функций. Для чего это нужно? Это используется для снабжения сервера дополнительной информацией, которая необходима ему на протяжении нескольких запросов. Сам по себе HTTP запрос ничего не знает о предыдущих HTTP запросах, потому куки - это один из вариантов снабжать сервер данными, которые связаны с предыдущими запросами. Где это используется? Как правило это используется для аутентификации и авторизации пользователей, для создания корзины. Также, куки лежат в основе сессий (сеансов). Откуда куки появляются у меня на компьютере? Команду создать куки дает сервер, отправляя HTTP заголовок Set-Cookie с парами название-значение куки. В частности, PHP имеет специальную функцию, которая формирует этот заголовок.</p>\r\n', '889', 'куки, сессии. сервер', '0', '1');
INSERT INTO `news` VALUES ('15', '3', '2016-09-16 09:13:33', 'Lorem ipsum dolor sit amet, consectetur adipiscing elit.', '<p>Lorem ipsum dolor sit amet, consectetur adipiscing elit. Phasellus pharetra, tellus vulputate ultricies dignissim, nisl justo molestie enim, condimentum pulvinar magna eros id nulla. Donec eget pretium justo. Suspendisse mi ex, congue quis velit scelerisque, scelerisque convallis risus. Phasellus ac enim ornare, cursus sapien egestas, vehicula orci. Mauris tempus sollicitudin nisl, auctor rutrum purus viverra quis. In at fringilla sapien. Morbi fermentum euismod sem at varius. Curabitur magna sem, iaculis non turpis eu, commodo sollicitudin ante. Pellentesque congue nisl mi, vel scelerisque dolor cursus et.</p>\r\n\r\n<p>Lorem ipsum dolor sit amet, consectetur adipiscing elit. Phasellus pharetra, tellus vulputate ultricies dignissim, nisl justo molestie enim, condimentum pulvinar magna eros id nulla. Donec eget pretium justo. Suspendisse mi ex, congue quis velit scelerisque, scelerisque convallis risus. Phasellus ac enim ornare, cursus sapien egestas, vehicula orci. Mauris tempus sollicitudin nisl, auctor rutrum purus viverra quis. In at fringilla sapien. Morbi fermentum euismod sem at varius. Curabitur magna sem, iaculis non turpis eu, commodo sollicitudin ante. Pellentesque congue nisl mi, vel scelerisque dolor cursus et.</p>\r\n\r\n<p>Lorem ipsum dolor sit amet, consectetur adipiscing elit. Phasellus pharetra, tellus vulputate ultricies dignissim, nisl justo molestie enim, condimentum pulvinar magna eros id nulla. Donec eget pretium justo. Suspendisse mi ex, congue quis velit scelerisque, scelerisque convallis risus. Phasellus ac enim ornare, cursus sapien egestas, vehicula orci. Mauris tempus sollicitudin nisl, auctor rutrum purus viverra quis. In at fringilla sapien. Morbi fermentum euismod sem at varius. Curabitur magna sem, iaculis non turpis eu, commodo sollicitudin ante. Pellentesque congue nisl mi, vel scelerisque dolor cursus et.</p>\r\n', '456', 'Украина, выборы, рада', '1', '1');
INSERT INTO `news` VALUES ('16', '4', '2016-09-14 18:13:18', 'ТОП-5 калорійних продуктів, які вважають дієтичними...', '<p><strong>Іноді ми відмовляємось від чогось смачненького, але дозволяємо собі йогурти чи сухофрукти, які вважаємо менш калорійними.</strong>Хоча найчастіше їжа, яку ми вважаємо дієтичною, містить ще більше калорій, ніж та, в якій ми собі відмовляємо.Ви будете здивовані, дізнавшись, які &ldquo;дієтичні&rdquo; продукти є не такими вже й дієтичними.</p>\r\n\r\n<p><img alt=\"\" src=\"/webroot/img/news/780-ff3b3b32558c27b88e0aefbefe161452.jpg\" style=\"border-style:solid; border-width:1px; float:left; height:93px; margin:5px; width:140px\" />Мюслі.&nbsp;Більшість з них глазуровані &ndash; тобто, обсмажені в сиропі. Плюс до цього всі містять шматочки солодких фруктів, шоколаду чи сухофруктів. Тому й виходить, що корисний сніданок перетворюється в ситний і калорійний.</p>\r\n\r\n<p>Горіхи.&nbsp;Вони смачні і корисні, але калорійні! Горіхи можна їсти вранці або протягом дня і зовсім трохи.</p>\r\n\r\n<p>Йогурти.&nbsp;Поїдаючи йогурти, ми добровільно забезпечуємо організм цукром. Як варіант &ndash; можна їсти кефір: в цьому продукті точно менше калорій, але почуття голоду відступає.</p>\r\n\r\n<p>Хлібці.&nbsp;Ще один міф: не їсти хліб, але з задоволенням вживати хрусткі хлібці. Якщо в них є дріжджі і маргарин (а в хлібцях ці інгредієнти зазвичай присутні) &ndash; продукт вже не можна назвати дієтичним.</p>\r\n\r\n<p>Сухофрукти.&nbsp;Сухофрукти &ndash; це висушені фрукти з великою кількістю цукру і фруктози. Тому з&rsquo;їдаючи жменю родзинок &ndash; це те саме, що з&rsquo;їсти гроно винограду. В поїданні сухофруктів, як і з рештою їжі, важлива міра.</p>\r\n', '434', 'здоровая еда, правильное питание, здоровье', '0', '1');
INSERT INTO `news` VALUES ('17', '6', '2016-09-14 21:20:20', 'После скандала в Юрмале Зеленский отказался от денег Госкино', '<h2>Лидер &quot;95-го квартала&quot; посоветовал снимать фильмы тем, кто выступил против него</h2>\r\n\r\n<p>Студия &quot;Квартал 95&quot; отказалсь от государственной помощи в размере 35 млн грн на реализацию проекта &quot;Возвращение Гулливера&quot; &ndash; анимационного полнометражного фимльма. Об этом заявил лидер студии Владимир Зеленский.</p>\r\n\r\n<p>&quot;В связи с ситуацией, которая сложилась в медиапространстве, &quot;Квартал&quot; отказывается от питчинга. Замглавы Нацсовета Ольга Герсимюк сказала, что мы назвали страну попрошанической, а сами участвуем в попрошайничестве. Никогда не думал, что питчинг является попрошайничеством, я все-таки думал, что это поддержка отечественного кинематографа&quot;, &mdash; сказал Зеленский.</p>\r\n\r\n<p>При этом Зеленский заверил, что проект все равно будет реализован.</p>\r\n\r\n<p>Ранее Герасимюк написала на своей странице в Facebook: &quot;Попрошайка просит у страны-попрошайки? Сюжет. Комические куплеты&quot;.</p>\r\n\r\n<p>Напомним, скандальная шутка и &quot;Квартала 95&quot; в Юрмале вызвала большой резонанс в Украине. Сравнив Украину с порноактрисой из немецкого кино для взрослых, юморист навлек на себя&nbsp;<strong><a href=\"http://www.segodnya.ua/politics/society/skandalnaya-shutka-zelenskogo-v-yurmale-vyzvala-bolshoy-rezonans-reakciya-ukraincev-751009.html\" target=\"_blank\">гнев соцсетей</a></strong>&nbsp;и даже части политиков.</p>\r\n\r\n<p>Лидер &quot;95 Квартала&quot; пояснил, что хотел сказать этой шуткой.</p>\r\n\r\n<p>&quot;Шутка, которая вызвала бурное обсуждение, не имеет двух, трех смыслов. Суть проста этой репризы: достаточно брать кредиты за которые отвечать нашим детям, внукам и тем, кто будет жить после нас и нести ответственность за все те гадкие дела, которые творим мы. Мы &ndash; гордый народ, не попрошайки.&nbsp;<a href=\"http://www.segodnya.ua/regions/dnepr/zhutkoe-dtp-s-boycami-pravogo-sektora-vse-podrobnosti-649839.html\">Вот</a>&nbsp;и все. Больше здесь нет других смыслов. Это шутка о поступках наших вершителей, нашей власти, не о людях и не о нашей стране&quot;, &ndash; заявил Зеленский.</p>\r\n\r\n<p>Студия &quot;Квартал 95&quot; также выступила с заявлением относительно своего выступления в Юрмале.</p>\r\n\r\n<p>&quot;<a href=\"http://sport.segodnya.ua/basketball/trener-sbornoy-ukrainy-probely-v-zashchite-kompensiruem-bolshey-otdachey-igrokov-734980.html\">Латвия</a>&nbsp;стала на четыре дня украинской. На многих номерах зрители аплодировали стоя! И мы горды этим. Горды тем, что Украину встречали на бис! Мы сделали это ради Родины. Но не ради оголтелых политиков, которым сегодня не нравится то, что мы говорим со сцены. Мы говорим о том, о чем думают миллионы людей в нашей стране. Мы всегда это делали &ndash; во все времена и при разных властях. И будем это делать и впредь. Против нас сегодня развернута кампания в лучших традициях грязных политических технологий: заказные статьи в интернете и проплаченные комментарии в соцсетях. Значит, кому-то это выгодно. Значит, кому-то нужно, чтобы мы молчали. Но с нами &ndash; наши зрители. И никакие интернет-боты и политтехнологии не заставят нас молчать. Потому что мы говорим правду&quot;, &ndash; прокомментировали в студии &quot;Квартал 95&quot;.</p>\r\n\r\n<p>Источник:&nbsp;http://www.segodnya.ua</p>\r\n', '1076', 'юрмала, зеленский, скандал', '0', '1');
INSERT INTO `news` VALUES ('18', '7', '2016-09-14 21:15:19', 'Высшее образование в Харькове станет дешевле', '<p>Ціна на отримання вищої освіти в Харкові у наступному навчальному році взагалі зменшиться. Про це заявив директор Департаменту освіти і науки Харківської облдержадміністрації Анатолій Бабічев.</p>\r\n\r\n<p><img alt=\"\" src=\"http://izvestia.kharkov.ua/content/documents/12125/1212417/thumb-article-390x292-705d.jpg\" style=\"border-style:solid; border-width:1px; float:left; height:150px; margin:5px; width:250px\" /></p>\r\n\r\n<p>За його словами, незважаючи на високу вартість комуналки та зростання мінімальної зарплати, університети та академії йтимуть на поступки. Особливо це стосуватиметься непопулярних спеціальностей. Остаточну вартість навчання на 2016-17 навчальний рік всі ВИШі мають визначити вже у травня.</p>\r\n\r\n<p><strong>Анатолій Бабічев директор Департаменту освіти і науки Харківської облдержадміністрації</strong></p>\r\n\r\n<p><em>Находят возможность для того, чтобы количеством взять, а не ценой за обучение. Пока сложно говорить, еще не все выставлено, не все ВУЗы указали стоимость в этом году, но я уже вижу, что порядка 10% будет минус в стоимости обучения. Это для тех, кто поступает. Вы знаете, что для тех, кто учится, цену уже не меняют.</em></p>\r\n\r\n<p><strong>Анатолій Бабічев директор Департаменту освіти і науки Харківської облдержадміністрації</strong></p>\r\n\r\n<p><em>Находят возможность для того, чтобы количеством взять, а не ценой за обучение. Пока сложно говорить, еще не все выставлено, не все ВУЗы указали стоимость в этом году, но я уже вижу, что порядка 10% будет минус в стоимости обучения. Это для тех, кто поступает. Вы знаете, что для тех, кто учится, цену уже не меняют.</em></p>\r\n\r\n<p><em>Источник:&nbsp;http://izvestia.kharkov.ua/</em></p>\r\n', '290', 'харьков, образование, ВУЗы', '0', '1');
INSERT INTO `news` VALUES ('19', '1', '2016-09-14 21:14:42', 'Шовковскому не хватает двух лет до рекорда Лиги чемпионов', '<p><img alt=\"Александр Шовковский\" src=\"http://terrikon.com/i/veterans/h/th-165-sasho_pk.jpg\" style=\"border-style:solid; border-width:1px; float:left; margin:5px; width:165px\" title=\"Александр Шовковский\" />Александр Шовковский</p>\r\n\r\n<p>Вратарь &quot;Динамо&quot; Александр Шовковский сыграл против &quot;Наполи&quot; (1:2) в Лиге чемпионов в возрасте 41 года 8 месяцев и 11 дней. Тем самым голкипер стал вторым самым возрастным игроком этого турнира. Он обошел Марка Шварцера, который выходил на поле в составе &quot;Челси&quot; в 41 год 6 месяцев и 24 дня.</p>\r\n\r\n<p>До рекорда Шовковскому не хватает два года. Голкипер &quot;Лацио&quot; Марко Баллотта появлялся на поле в возрасте 43 лет 8 месяцев и 8 дней.</p>\r\n', '1718', 'Александр Шовковский, Динамо Киев, Лига Чемпионов', '0', '1');
INSERT INTO `news` VALUES ('20', '1', '2016-09-16 12:31:59', ' Переключиться на Лигу Европы', '<p>&laquo;Шахтер&raquo; продолжает подготовку к первому поединку группового раунда Лиги Европы против турецкого &laquo;Коньяспора&raquo;.&nbsp;</p>\r\n\r\n<p>Утром 12 сентября &laquo;горняки&raquo; провели тренировку на базе &laquo;Святошин&raquo;. Двухчасовую сессию Паулу Фонсека полностью построил на действиях с мячом. В концовке дончане сыграли двусторонку на все поле и отрабатывали удары по воротам с разных дистанций.&nbsp;</p>\r\n\r\n<p>Не занимались с командой травмированные Дарио Срна, Марсио Азеведо и Антон Каниболоцкий. По отдельной программе тренировались Вячеслав Шевчук, Исмаили и Николай Матвиенко. На завтра у &laquo;оранжево-черных&raquo; назначена утренняя сессия.&nbsp;</p>\r\n\r\n<p>Напомним, матч Лиги Европы &laquo;Коньяспор&raquo; &ndash; &laquo;Шахтер&raquo; состоится 15 сентября в Турции. Начало игры в 22:05 по киевскому времени.</p>\r\n\r\n<p><br />\r\n&laquo;Шахтер&raquo; продолжает подготовку к первому поединку группового раунда Лиги Европы против турецкого &laquo;Коньяспора&raquo;.&nbsp;</p>\r\n\r\n<p>Утром 12 сентября &laquo;горняки&raquo; провели тренировку на базе &laquo;Святошин&raquo;. Двухчасовую сессию Паулу Фонсека полностью построил на действиях с мячом. В концовке дончане сыграли двусторонку на все поле и отрабатывали удары по воротам с разных дистанций.&nbsp;</p>\r\n\r\n<p>Не занимались с командой травмированные Дарио Срна, Марсио Азеведо и Антон Каниболоцкий. По отдельной программе тренировались Вячеслав Шевчук, Исмаили и Николай Матвиенко. На завтра у &laquo;оранжево-черных&raquo; назначена утренняя сессия.&nbsp;</p>\r\n\r\n<p>Напомним, матч Лиги Европы &laquo;Коньяспор&raquo; &ndash; &laquo;Шахтер&raquo; состоится 15 сентября в Турции. Начало игры в 22:05 по киевскому времени.</p>\r\n\r\n<p>&nbsp;</p>\r\n', '789', 'Лига Европы, Тренировка, утренняя тренировка, Коньяспор', '0', '1');
INSERT INTO `news` VALUES ('21', '3', '2016-09-14 21:31:54', 'Украина и Польша намерены наладить сотрудничество в сфере обороны', '<p>Петр Порошенко подчеркнул важность поддержки Польшей политики санкций против России в связи с невыполнением минских договоренностей</p>\r\n\r\n<p><img alt=\"Украина и Польша намерены наладить сотрудничество в сфере обороны\" id=\"material-image\" src=\"http://news.liga.net/upload/resize_cache/iblock/786/380_230_2/786511fb1ccf80d03540a2e42c8c6f96.jpeg\" style=\"border-style:solid; border-width:1px; float:left; height:230px; margin:5px; width:380px\" title=\"Украина и Польша намерены наладить сотрудничество в сфере обороны\" /></p>\r\n\r\n<p>Петр Порошенко и Витольд Ващиковский (фото - president.gov.ua)</p>\r\n\r\n<p>Украина и Польша намерены договориться о сотрудничестве в сфере обороны. Об этом говорится в&nbsp;<a href=\"http://www.president.gov.ua/news/prezident-ukrayini-ta-ministr-zakordonnih-sprav-polshi-obgov-38149\" target=\"_blank\">сообщении</a>&nbsp;пресс-службы президента по итогам встречи&nbsp;<a href=\"http://file.liga.net/person/404-petr-poroshenko.html\" target=\"_blank\">Петра Порошенко</a>&nbsp;с министром иностранных дел Польши Витольдом Ващиковским.</p>\r\n\r\n<p>&quot;Во время беседы также была отмечена важность заключения в ближайшее время двустороннего соглашения о сотрудничестве в сфере обороны, а также продолжения взаимодействия по линии украинского-польско-литовской бригады&quot;, - сказано в нем.</p>\r\n\r\n<p>Во время встречи Порошенко поблагодарил Польшу за ее активную позицию в консолидации позиций стран Европейского Союза в поддержку территориальной целостности и суверенитета Украины, а также за содействие в реализации программы внутренних реформ.</p>\r\n\r\n<p>Особенно президент подчеркнул необходимость развития экономических отношений между Украиной и Польшей, в частности, в сфере энергетики.</p>\r\n\r\n<p>Собеседники также отметили важность введения безвизового режима между Украиной и ЕС в ближайшее время, а Ващиковский подчеркнул, что Украина проделала большую работу по выполнению требований для либерализации визового режима.</p>\r\n\r\n<p>Кроме того, Порошенко подчеркнул важность поддержки Польшей политики санкций против России в связи с невыполнением ею взятых на себя обязательств в рамках договоренностей, достигнутых в Минске.</p>\r\n\r\n<p>Польша ожидает Порошенко с визитом в Варшаву 2 декабря.</p>\r\n\r\n<p>Источник:&nbsp;Информационное агентство&nbsp;<a href=\"http://www.liga.net/\">www.liga.net</a></p>\r\n', '3379', 'Украина, Польша, оборона, Европейский Союз', '0', '1');
INSERT INTO `news` VALUES ('22', '6', '2016-09-16 09:14:39', 'Facebook и Twitter присоединятся к борьбе с ложной информацией', '<p>Соцсети присоединились к проекту First Draft Coalition, куда входит более 30 известных СМИ.&nbsp;<img alt=\"Facebook и Twitter присоединятся к борьбе с ложной информацией\" id=\"material-image\" src=\"http://news.liga.net/upload/resize_cache/iblock/45a/380_230_2/45a800983b690194f45770ce94fc3ddf.jpg\" style=\"border-style:solid; border-width:1px; float:left; height:230px; margin:5px; width:380px\" title=\"Facebook и Twitter присоединятся к борьбе с ложной информацией\" />Крупнейшие социальные сети Facebook и Twitter присоединились к проекту First Draft Coalition, созданному для борьбы с новостными фейками, сообщает&nbsp;<a href=\"http://www.reuters.com/article/us-facebook-socialmedia-news-idUSKCN11J2Q3\" target=\"_blank\">Reuters</a>.&nbsp;Данный проект объединяет более 30 авторитетных СМИ, включая New York Times, Washington Post, BuzzFeed News, телеканал CNN, агентство France Presse и другие. &nbsp;&quot;Цель данного проекта: борьба против распространения заведомо ложной информации (так называемые fake news)&quot;, - отмечает издание.&nbsp;First Draft Coalition была сформирована в июне 2015 года при поддержке Google Alphabet.&nbsp;Одной из задач проекта является создание платформы для быстрой проверки достоверности новостей. Она может быть создана уже к концу октября.&nbsp;Данный проект объединяет более 30 авторитетных СМИ, включая New York Times, Washington Post, BuzzFeed News, телеканал CNN, агентство France Presse и другие. &nbsp;&quot;Цель данного проекта: борьба против распространения заведомо ложной информации (так называемые fake news)&quot;, - отмечает издание.&nbsp;First Draft Coalition была сформирована в июне 2015 года при поддержке Google Alphabet.&nbsp;Одной из задач проекта является создание платформы для быстрой проверки достоверности новостей. Она может быть создана уже к концу октября.</p>\r\n\r\n<p><br />\r\nИнформационное агентство<br />\r\n<a href=\"http://www.liga.net/\">www.liga.net</a></p>\r\n', '1069', 'социальные сети, культура, информация, безопасность', '1', '1');
INSERT INTO `news` VALUES ('23', '6', '2016-09-14 21:39:13', 'Оголосили місто проведення наступного &quot;Євробачення&quot;', '<p><strong>Тривала епопея з обранням міста, де проведуть пісенний конкурс &quot;<a href=\"http://tabloid.pravda.com.ua/focus/57379c2145348/\">Євробачення</a>-2017&quot; добігла кінця. Наступного року міжнародне дійство прийматиме Київ.</strong></p>\r\n\r\n<p>Про те, що перемогла столиця оголосили гендиректор НТКУ Зураб Аласанія та міністр культури Євген Нищук на брифінгу після засідання оргкомітету з підготовки та проведення &quot;Євробачення-2017&quot; в Україні.</p>\r\n\r\n<p>&quot;Це була по-здоровому конкурентна й вільна боротьба міст, тому так затяглося визначення міста, яке прийматиме конкурс&quot;,&nbsp;&ndash; сказав Нищук.</p>\r\n\r\n<table align=\"center\" border=\"0\" cellpadding=\"0\" cellspacing=\"0\">\r\n	<tbody>\r\n		<tr>\r\n			<td><img src=\"https://tabimg.pravda.com/images/doc/4/e/4eeb38c-11.jpg\" style=\"border-style:solid; border-width:1px; float:left; height:303px; margin:5px; width:450px\" /></td>\r\n		</tr>\r\n		<tr>\r\n			<td>&quot;Євробачення-2017&quot; таки пройде у Києві</td>\r\n		</tr>\r\n	</tbody>\r\n</table>\r\n\r\n<p>Як відомо, заявки на проведення міжнародного музичного конкурсу подали шість міст. Київ, Дніпро, Львів, Одеса, Харків і Херсон&nbsp;<a href=\"http://life.pravda.com.ua/culture/2016/07/21/215502/\">представили промо-ролики</a>, в яких мотивували, чому саме у них має відбутися &quot;Євробачення&quot;.</p>\r\n\r\n<p>У фінал відбору міста-господаря&nbsp;вийшли Київ, Дніпро та Одеса.</p>\r\n\r\n<table align=\"center\" border=\"0\" cellpadding=\"0\" cellspacing=\"0\">\r\n	<tbody>\r\n		<tr>\r\n			<td><img src=\"https://tabimg.pravda.com/images/doc/b/7/b7587de-12.jpg\" style=\"height:206px; width:450px\" /></td>\r\n		</tr>\r\n		<tr>\r\n			<td>За право прйиняти конкурс боролися 3 міста</td>\r\n		</tr>\r\n	</tbody>\r\n</table>\r\n\r\n<p>Раніше організатори планували оголосити місто, яке прийматиме &quot;Євробачення&quot; 1-го серпня. Проте&nbsp;рішення постійно відкладали.</p>\r\n\r\n<p>Нагадаємо, п<a href=\"http://tabloid.pravda.com.ua/focus/57379c2145348/\">еремогу на &quot;Євробаченні-2016&quot; здобула співачка Джамала</a>. Саме завдяки їй Україна й отримала право провести наступний конкурс в себе.</p>\r\n\r\n<p>Tablo ID&nbsp;,&nbsp;<em>Фото з мережі та сайту НТКУ</em></p>\r\n', '5135', 'Евровидение, Киев, Джамала, культура', '0', '1');
INSERT INTO `news` VALUES ('24', '4', '2016-09-16 12:31:04', ' Як працює експериментальна &quot;швидка&quot; у Харкові', '<p>&nbsp;</p>\r\n\r\n<p><em>Бригада &quot;швидкої&quot; повинна за 10 хвилин доїжджати за викликом у місті, і за 20 хвилин&nbsp;</em>&ndash;<em>&nbsp;в області.</em></p>\r\n\r\n<p><em>Це за правилами.</em></p>\r\n\r\n<p><em>По Харкову автівки швидкої допомоги приїздять на виклик в середньому за 7,5 хвилин, по області&nbsp;</em>&ndash;<em>&nbsp;12,5.</em></p>\r\n\r\n<p><em>Ці показники &ndash; результат оптимізації роботи &quot;Швидкої допомоги&quot; у Харківській області, який проводять уже протягом 8 років.</em></p>\r\n\r\n<p><em>Це й електронна мапа, за якою диспетчери в онлайн-режимі відслідковують машини &quot;швидкої&quot;, що перебувають найближче до потерпілих, і зміна принципів роботи, коли &quot;швидка&quot; не повинна повертатись на підстанцію після виклику, і домовленість з сусідніми областями про надання допомоги в разі ДТП на кордоні областей, і безпосередній зв&#39;язок зі службами &quot;112&quot; та &quot;101&quot;.</em></p>\r\n\r\n<p><em>Тільки за перший рік впровадження оптимізації, у 2009-му автівки &quot;швидкої&quot; проїхали на мільйон кілометрів менше, ніж минулоріч.</em></p>\r\n\r\n<p><em>Раніше кожен район мав власну диспетчерську &quot;швидкої&quot;. Бригада виїжджала на виклик, зважаючи на те, в якому районі викликали допомогу.</em></p>\r\n\r\n<p><em>Траплялися випадки, коли ДТП ставалися на межі двох адмінодиниць &ndash; і тоді за викликом часто можна було почути: &quot;Ми не відповідаємо за цей район, телефонуйте до свого&quot;.</em></p>\r\n\r\n<p><em>Поки диспетчери вирішували, бригаду з якого району відправити, люди залишалися, приміром, в перевернутій автівці&hellip;</em></p>\r\n\r\n<p>&nbsp;</p>\r\n\r\n<p><strong>РОЗПОДІЛ НЕ ЗА РАЙОНАМИ</strong></p>\r\n\r\n<p>Закон &quot;<a href=\"http://zakon5.rada.gov.ua/laws/show/5081-17\">Про екстрену медичну допомогу</a>&quot; набрав чинності з 1 січня 2013 року. В ньому йдеться про створення єдиної структури екстреної допомоги.</p>\r\n\r\n<p>Це полегшило роботу &quot;швидкої допомоги&quot;: тепер виклики отримує єдина диспетчерська, яка відправляє найближчий автомобіль, незалежно від того, до якого району той належить.</p>\r\n\r\n<p><em>&quot;Яка різниця потерпілому, з якого району до нього приїде швидка, і в яку лікарню його відвезуть?&quot; &ndash; каже&nbsp;</em>Віктор Забашта.<em>&nbsp;&ndash; Навіщо ж їхати з однієї частини району або з одного села в інше тільки тому, що ця територія зареєстрована за конкретним районом? Якщо поряд є вільні бригади...&quot;</em></p>\r\n\r\n<p>Більш оперативну роботу швидкої допомоги забезпечує електронна карта, що є в кожного районного диспетчера &quot;швидкої&quot; і директора центру екстреної допомоги.</p>\r\n\r\n<p>Система автоматично контролює процес виконання виклику: час виїзду/приїзду на виклик, час перебування на місці виклику, час виїзду/приїзду до лікувального закладу, час перебування в лікувальному закладі, загальний час виконання виклику.</p>\r\n\r\n<p>При невиконанні встановлених часових норм бригада отримує автоматичне голосове попередження.</p>\r\n\r\n<p>Окрім того, на екрані є спливаючі вікна, де коротко описаний стан людини, для якої викликають швидку.</p>\r\n\r\n<p>Автоматично контролюються технологічні відлучення бригади, заправка і ремонт автомобіля, поповнення медикаментів тощо.</p>\r\n\r\n<table align=\"center\" border=\"0\" cellpadding=\"0\" cellspacing=\"0\">\r\n	<tbody>\r\n		<tr>\r\n			<td><img src=\"https://lifeimg.pravda.com/images/doc/2/0/201ab60-william87-depositphotos.jpg\" style=\"border-style:solid; border-width:1px; float:left; height:400px; margin:5px; width:600px\" /></td>\r\n		</tr>\r\n		<tr>\r\n			<td>&nbsp;</td>\r\n		</tr>\r\n	</tbody>\r\n</table>\r\n\r\n<p>На карті зробили умовні позначення.</p>\r\n\r\n<p>Квадрати &ndash; місця базування, трикутники &ndash; виклику, кола &ndash; це бригади.</p>\r\n\r\n<p>Червоний колір &ndash; підстанція перевантажена і потрібна допомога, зелений &ndash; все спокійно, є вільні бригади.</p>\r\n\r\n<p>Зелені кружечки &ndash; це вільні бригади, жовті &ndash; бригади, які їдуть на госпіталізацію, червоні &ndash; з викликом.</p>\r\n\r\n<p><em>&quot;Ось 7 бригад на 9-ій підстанції, 6 з яких на виїзді&quot;</em>, &ndash; показує директор Центру екстреної медичної допомоги та медицини катастроф. &ndash;&nbsp;<em>На щастя, у нас була ця система, коли почалася війна. Траплялось, коли мені треба було зібрати кілька бригад в одному місці, щоб надати екстрену допомогу пораненим. Мені було легко це зробити, тому що я знав, скільки вільних бригад і де вони&quot;</em>.</p>\r\n\r\n<p>Забашта пояснює, що наразі може контролювати ситуацію. Якщо раніше відповідь &quot;Ми під&#39;їжджаємо&quot; була розтяжним поняттям &ndash; то тепер система показує, що машина справді в дорозі. Або навпаки &ndash; бригада відлучилась на обід.</p>\r\n\r\n<p>Директор може вчасно зробити зауваження.</p>\r\n\r\n<p>Ще один плюс &ndash; це те, що працівники у бригадах стали більш відповідальними. Вони розуміють, що кожен їхній крок відслідковується....</p>\r\n\r\n<p><em>Марія Марковська, спеціально для УП.Життя</em></p>\r\n\r\n<p>&nbsp;</p>\r\n', '367', 'скорая, медицина, Харьков', '0', '1');
INSERT INTO `news` VALUES ('25', '2', '2016-09-20 15:41:06', '10 міфів про український IT-сектор', '<p>Заоблачные по мерках Украины заработки в IT-отрасли не дают покоя десяткам тысяч начинающих тестировщиков, а с&nbsp;<a href=\"http://www.epravda.com.ua/rus/news/2016/07/6/598317/\">недавних пор &mdash; даже президенту.</a>&nbsp;&nbsp;</p>\r\n\r\n<p><img src=\"https://eimg.pravda.com/images/doc/b/d/bdca7e6-300.png\" style=\"border-style:solid; border-width:1px; float:left; height:196px; margin:5px; width:300px\" />IT-бизнес &mdash; надежда и&nbsp;<a href=\"http://www.epravda.com.ua/rus/news/2016/08/26/603290/\" style=\"line-height: 1.6;\">боль</a>&nbsp;страны.</p>\r\n\r\n<p>Он локомотив и одновременно пятое колесо в отечественной ресурсной экономике.</p>\r\n\r\n<p>Он зарабатывает миллиарды долларов, но никто не знает, сколько из них попадает в Украину.</p>\r\n\r\n<p>Он предмет гордости &quot;политехов&quot; и источник подчиненных для системных архитекторов Массачусетского технологического.</p>\r\n\r\n<p>Стихийно в считанные годы поднявшаяся из небытия IT-отрасль Украины сегодня овеяна множеством вымыслов, предубеждений, мифов.</p>\r\n\r\n<p>Это лишний раз подтвердил опрос лидеров мнений сферы информационных технологий, который провела ЭП.</p>\r\n\r\n<p><strong>Миф №10. В Украине невысокий уровень интернет-проникновения.</strong></p>\r\n\r\n<p>Невзирая на официальные цифры, уровень интернет-проникновение в Украине один из самых высоких в мире. А его качество, кроме мобильного, намного выше среднего.</p>\r\n\r\n<p><strong>Миф №9. Украинские банки отстают в области IT-инфраструктуры и сервисов от западных.</strong></p>\r\n\r\n<p>Технологически украинские банки одни из лучших в мире, утверждает Виктор Компанеец, ведущий инвестиционный менеджер DigitalFuture.</p>\r\n\r\n<p>Множество &quot;западных&quot; технологий разработаны именно в Украине: онлайн-транзакции, массовые операции с дебетными картами, овернайт-диллинг и многое другое.</p>\r\n\r\n<p><strong>Миф №8. В Украине очень много программистов.</strong></p>\r\n\r\n<p>Если посмотреть на статистику в глобальном масштабе, то в Украине на порядок меньше программистов даже по сравнению с ближайшими соседями.</p>\r\n\r\n<p>В Польше работает около 300 тыс программистов, в Германии &mdash; чуть более 450 тыс. В Израиле количество специалистов, работающих в IT, составляет 12% от всего трудоспособного населения.</p>\r\n\r\n<p>По сравнению с Китаем, США&nbsp;или Индией украинские цифры еще менее значительные.</p>\r\n\r\n<p>Согласно Evans Data, через два года количество программистов в США составит 4,5 млн, в Китае &mdash; 2 млн, в Индии &mdash; более 5 млн, говорит Алексей Витченко, СЕО и основатель Digital Future.</p>\r\n\r\n<p><strong>Миф №7. Украинские стартапы массово уезжают за границу и не приносят пользу бюджету страны.</strong></p>\r\n\r\n<p>Они не выезжают из Украины, они строят офисы продаж по всему миру. При этом разработка и люди часто остаются в Украине.</p>\r\n\r\n<p>Хотя определенный отток специалистов все-таки существует. Это связано с тем, что соседние государства предлагают им комфортные условия для ведения бизнеса, в том числе гарантируют безопасность деятельности.</p>\r\n\r\n<p>Государство начинает идти навстречу IT-бизнесу, понимать его специфику и значимость. Это поможет не только сохранить в Украине оставшихся предпринимателей, но и вернуть тех, кто выехал ранее.</p>\r\n\r\n<p><strong>Миф №6. Международные инвесторы не хотят инвестировать в украинские проекты, потому что боятся войны.</strong></p>\r\n\r\n<p>В 2015 году в украинские IT-компании было инвестировано более 130 млн долл, что на 237% больше, чем в 2014 году. При этом 48% капитала сделок пришло именно от международных инвесторов, что подтверждает их интерес к украинским разработкам.</p>\r\n\r\n<p>Всего было проинвестировано 66 IТ-компаний. Это неплохой результат &mdash; каждую неделю заключается сделка.</p>\r\n\r\n<p>Если инвесторы видят перспективу проекта и бизнес-выгоду, то война не станет помехой для заключения сделок. Таким примером является Израиль, который в 2015 году привлек более 11 млрд долл.</p>\r\n\r\n<p><strong>Миф №5. В Украине мало стартапов, и в мире о них не знают.</strong></p>\r\n\r\n<p>В Украине существует 2,5 тыс стартапов на разных стадиях развития и в ближайшие годы их будет до 5 тыс, считает глава Ассоциации венчурного капитала и прямых инвестиций (UVCA) Андрей Колодюк.</p>\r\n\r\n<p>Увеличивается не только количество, но и качество стартапов. В январе 2016 года на конференции СES в Лас-Вегасе были представлены семь стартапов из Украины. В 2015 году их было всего два.</p>\r\n\r\n<p><strong>Миф №4. Для IT-сектора не нужно создавать специальную стимуляционную программу.</strong></p>\r\n\r\n<p>Почти все страны мира с самыми развитыми технологиями практикуют значительные стимуляции и вводят спецусловия для сектора.</p>\r\n\r\n<p>Управляющий партнер AVentures Capital Евгений Сысоев приводит пример четырех пунктов, которые надо было сделать в Украине &quot;на вчера&quot;.</p>\r\n\r\n<p>Первый &mdash; технологические парки с налоговыми льготами.</p>\r\n\r\n<p>Второй &mdash; рабочая виза за один день.</p>\r\n\r\n<p>Третий &mdash; независимые суды для компаний из Парка высоких технологий по Delaware/Englishlaw.</p>\r\n\r\n<p>Речь о том, чтобы запретить там украинское законодательство и работать в Украине по международному праву. Грубо говоря, пока украинские суды продажные, есть смысл создать виртуальную Украину, в которую не сможет попасть украинский чиновник.</p>\r\n\r\n<p>Четвертый &mdash; украинское государство по правилам венчурной индустрии раздаст пяти украинским фондам по 50 млн долл для инвестиций, и еще пять венчурных фондов создаст совместно с американскими, израильскими, китайскими, канадскими и другими управляющими.</p>\r\n\r\n<p><strong>Миф №3. Украину спасет копирование западных моделей инновационных экономик.</strong></p>\r\n\r\n<p>По мнению сооснователя и CEO &quot;Креативного квартала&quot; Ильи Кенигштейна, такой миф распространен в стране и даже в правительстве.</p>\r\n\r\n<p>&quot;Подобный подход &mdash; это культ карго, туземное толкование экономических процессов сквозь призму строительства деревянных самолетов и взлетных полос в надежде на то, что с неба полетят грузы с бусами и едой&quot;, &mdash; иронизирует Кенигштейн.</p>\r\n\r\n<p>Он акцентирует внимание на том, что в украинской IТ-индустрии отсутствуют мосты между вузами и бизнесом, учеными и инфраструктурой, государством и стартапами. Нет компаний по трансферу технологий, венчурных фондов, полноценной защиты интеллектуальной собственности.</p>\r\n\r\n<p>&quot;Наше государство стимулирует не инновации, как это происходит в Израиле или США, а эмиграцию&quot;, &mdash; констатирует Кенигштейн.</p>\r\n\r\n<p><strong>Миф №2. В Украине успешными становятся только аутсорсинговые IT-компании.</strong></p>\r\n\r\n<p>Действительно, в Украине есть сотни успешных IT-компаний, которые занимаются аутсорсингом. IT-аутсорсинг стал третьей сферой в Украине по объемам экспорта, достигнув 2,5 млрд долл, что формирует 3% украинского ВВП.</p>\r\n\r\n<p>Среди таких компаний &mdash; Ciklum, Luxoft, Epam.</p>\r\n\r\n<p>При этом в Украине не меньше историй успеха продуктовых компаний, которые оцениваются десятками и сотнями миллионов долларов.&nbsp; Среди примеров &mdash; Jooble, PaymetWall, Augmented Pixels, Sixa, Terrasoft, Grammarly и Depositphotos.</p>\r\n\r\n<p>Украинцы создали гаджет Petcube с камерой для интерактивного общения с животными. Компания Concepter выпустила вспышку iBlazr для iPhone. Устройство стало пока единственным украинским продуктом, который продается на полках магазина Apple Store во всем мире.</p>\r\n\r\n<p><strong>Миф №1. IT-сектор &mdash; драйвер украинской экономики.</strong></p>\r\n\r\n<p>Безусловно, IT-сектор &mdash; перспективный сектор и важная составляющая экономики.</p>\r\n\r\n<p>Экспорт IT-услуг Украины в 2015 году составил около 2,1 млрд долл. Это 2,5% ВВП, 50 долл на одного жителя в год, 24 место в мире по&nbsp;<a href=\"https://www.atkearney.com/strategic-it/%20global-services-location-index\">Индексу привлекательности сервисов</a>.&nbsp;Для сравнения: Беларусь &mdash; 1 млрд долл, 5% ВВП, 75 долл на жителя, Израиль &mdash; 10 млрд долл, 1 200 долл на жителя.</p>\r\n\r\n<p>Пока рано заявлять, что именно IT является локомотивом экономики. Одна из причин &mdash; в стране мало IT-компаний, предлагающих уникальный продукт, около 90% рынка работает на аутсорсинг.</p>\r\n\r\n<p>Инновационные стартапы, которые наиболее интересны инвесторам и могли бы привлечь поток зарубежных инвестиций в страну, составляют незначительный процент.</p>\r\n\r\n<p>Также украинский сектор IT не сконцентрировал значительную часть работающих людей, поэтому он пока не влияет на уровень жизни основной части населения.</p>\r\n\r\n<p>&quot;Нам предстоит огромная работа по созданию экосистемы, повышению качества бизнес-климата и развитию инновационного предпринимательства. Только после этого IT-сектор укрепится и станет флагманом экономики, способным сделать настоящий прорыв&quot;, &mdash; считает Витченко.</p>\r\n\r\n<p>Все про:&nbsp;<a href=\"http://www.epravda.com.ua/tags/it/\">IT</a>,&nbsp;Фото mybiz.ru</p>\r\n', '214', 'IT, Украина, мифы', '0', '1');
INSERT INTO `news` VALUES ('26', '7', '2016-09-14 21:53:47', '7 книжок, які не можна оминути на Форумі видавців у Львові', '<p>&nbsp;</p>\r\n\r\n<p><img src=\"https://lifeimg.pravda.com/images/doc/f/7/f772d89-300-books-forum.jpg\" style=\"border-style:solid; border-width:1px; float:left; height:200px; margin:5px; width:300px\" /><em>15 вересня відкривається 23-й Форум видавців. У програмі заплановано чимало презентацій книжкових новинок. Ця добірка допоможе трохи навести фокус.</em></p>\r\n\r\n<p><em>Звичайно, вона не містить вичерпного списку текстів, на які варто звернути увагу. Але в ній є те, чому варто зосередитися: прем&rsquo;єри вже відомих письменників Сергія Жадана, Тані Малярчук і Андрія Бондаря, нетипова книжка для підлітків, перший в Україні переклад письменниці-художниці-повії Грізелідіс Реаль, а також цікаві non-fiction тексти &ndash; бізнес-порадник одного з найвпливовіших дослідників США Адама Гранта та біографія правозахисниці з Пакистану.</em></p>\r\n\r\n<p><strong>СЕРГІЙ ЖАДАН &quot;ТАМПЛІЄРИ&quot;</strong></p>\r\n\r\n<p><em>Meridian Czernowitz</em></p>\r\n\r\n<p>Нова поетична збірка&nbsp;<strong>Сергія Жадана</strong>&nbsp;&ndash; це поетичне та політичне висловлювання. &quot;Тамплієрами&quot; Сергій Жадан називає &quot;людей війни&quot;, і це, звичайно, більше, ніж просто солдати. &quot;<em>Де твій брат, чуєш, де твій брат</em>?&quot;, &ndash; запитує невидимий чи то ліричний герой, чи то деміург. Він витворює та відтворює флору та фауну війни за допомогою і описів з натури, і вічних міфологічних сюжетів. Упізнавати першоджерела сподобається тим, хто почав це робити бодай з &quot;Месопотамії&quot;, хоча, насправді, з набагато більш ранніх книжок.</p>\r\n\r\n<table align=\"center\" border=\"0\" cellpadding=\"0\" cellspacing=\"0\">\r\n	<tbody>\r\n		<tr>\r\n			<td><img src=\"https://lifeimg.pravda.com/images/doc/8/3/83218be-zhadan.jpg\" style=\"height:370px; width:600px\" /></td>\r\n		</tr>\r\n		<tr>\r\n			<td>&nbsp;</td>\r\n		</tr>\r\n	</tbody>\r\n</table>\r\n\r\n<p>Простір війни та тилу в &quot;Тамплієрах&quot; &ndash; позачасовий. Це передбачає певний рівень умовності та схематичності ландшафтів і дійових осіб. Герої та героїні часто не мають жодних особливих прикмет. Як ті люди зі списків загиблих, друкованих без коректур.</p>\r\n\r\n<p>У кожній збірці Сергія Жадана важливу роль має візуальне оформлення. &quot;Тамплієри&quot; супроводжуються ілюстраціями&nbsp;<strong>Олександра Ройтбурда</strong>, де чільним сюжетом постає Уліссове повернення додому. Чи триває подорож один день, а чи десять років, і чи вірно чекає Пенелопа &ndash; це деталі.</p>\r\n\r\n<p>&quot;Тампієри&quot; з війни повертаються додому. Можливо, наступна збірка завершить тему &quot;балад війни&quot; та розкриє тему &quot;балад відбудови&quot;. Непогана була би мрія.</p>\r\n\r\n<p><strong>ТАНЯ МАЛЯРЧУК &quot;ЗАБУТТЯ&quot;</strong></p>\r\n\r\n<p><em>&quot;Видавництво Старого Лева&quot;</em></p>\r\n\r\n<p>&quot;<em>Час &ndash; як синій кит, який поглинає планктон</em>&quot; &ndash; про безслідне зникнення говорить героїня роману &quot;Забуття&quot;. В цьому тексті змонтовано дві життєві історії та два часові пласти. Перший &ndash; історія молодої жінки з України, що одужує після внутрішнього заціпеніння та ніби заново вчиться ходити власними ногами. Відкриття себе та повернення на шлях розвитку знаменує інтелектуальне розслідування, випадково розпочате читанням підшивок старих газет.</p>\r\n\r\n<table align=\"center\" border=\"0\" cellpadding=\"0\" cellspacing=\"0\">\r\n	<tbody>\r\n		<tr>\r\n			<td><img src=\"https://lifeimg.pravda.com/images/doc/8/f/8f0dc57-maliarchuk.jpg\" style=\"height:370px; width:600px\" /></td>\r\n		</tr>\r\n		<tr>\r\n			<td>&nbsp;</td>\r\n		</tr>\r\n	</tbody>\r\n</table>\r\n\r\n<p>Це і є другий пласт &ndash; життя&nbsp;<strong>В&rsquo;ячеслава Липинського</strong>, а радше &ndash; причини його забуття. Героїня не має родинних зв&rsquo;язків з В&rsquo;ячеславом Липинським. Але, водночас, дослідження його життя &ndash; це також і пошуки власного коріння й відновлення родинної пам&rsquo;яті. Не випадково інтелектуальна подорож починається з читання газет.</p>\r\n\r\n<p>Газети &ndash; це щоденні надруковані на папері тексти, що втрачають актуальність і сенс одразу після виходу з типографії наступного примірника. Але саме ці крихкі публікації стають для героїні відправною точкою в пошуках.</p>\r\n\r\n<p>&quot;Забуття&quot; легко читати як роман про втрати та загублені частини пазлу, що їх не віднайти. Про усвідомлення себе українцем юнака польського походження Вацлава, що бере ім&rsquo;я В&rsquo;ячеслав. Про зневіру: &quot;<em>Виживати і плодитись в Україні буде всяка мерзота</em>&quot;. І про траєкторію між крайніми точками цього відрізку.</p>\r\n\r\n<p>Але забуття та втрати мають ще й інший бік. &quot;<em>Я &ndash; нащадок покори і страху смерті</em>&quot;, &ndash; міркує героїня про досвіди репресованих і нерепресованих, бунтівних і комформних предків. Тимчасова амнезія &ndash; можливо, запорука життя. От тільки брак пам&rsquo;яті може пробити дірку в легенях &ndash; як у Липинського. Або підняти серце в горло &ndash; як у героїні-оповідачки роману.</p>\r\n\r\n<p>Призабутий і контраверсійний український політичний діяч і філософ, побачений очима молодої жінки &ndash; це потужна метафора про те, як змінюються маргінеси. Таня Малярчук у новому романі уважно роздивилася те, що винесло на береги сторінок історії &ndash; і національної, і персональної.</p>\r\n\r\n<p><strong>ГРІЗЕЛІДІС РЕАЛЬ &quot;ЧОРНИЙ &ndash; ЦЕ КОЛІР&quot;</strong></p>\r\n\r\n<p><em>&quot;Книги ХХІ&quot;, переклад з французької Ірини Собченко</em></p>\r\n\r\n<p>&quot;<em>Любов, сексуальність, проституція</em>&quot;, &ndash; поруч із цими словами позує на світлині&nbsp;<strong>Грізелідіс Реаль</strong>, швейцарська письменниця, під час свого семінару для студентів Женевського університету у 1987 році.</p>\r\n\r\n<p>Описана сцена успіху та суспільного визнання &ndash; вершина айсбергу біографії цієї нетипової європейської письменниці та інтелектуалки. Прочитати її можна у &quot;Вікіпедії&quot;, тому згадаємо лише декілька контрапунктів &ndash; донька побожних батьків-католиків, натурниця, художниця, письменниця, повія, громадська активістка.</p>\r\n\r\n<table align=\"center\" border=\"0\" cellpadding=\"0\" cellspacing=\"0\">\r\n	<tbody>\r\n		<tr>\r\n			<td><img src=\"https://lifeimg.pravda.com/images/doc/9/c/9ca61d9-real.jpg\" style=\"height:370px; width:600px\" /></td>\r\n		</tr>\r\n		<tr>\r\n			<td>&nbsp;</td>\r\n		</tr>\r\n	</tbody>\r\n</table>\r\n\r\n<p>Грізелідіс Реаль &ndash; не надто благополучна та благопристойна фігура. Можливо, це один з перших &quot;маргінальних&quot; голосів сучасної європейської літератури, що ми почули українською мовою завдяки перекладу Ірини Собченко.</p>\r\n\r\n<p>&nbsp;&quot;Чорний &ndash; це колір&quot; &ndash; перший опублікований текст письменниці. Його назва апелює до популярної однойменної пісні англійською, і це відсилає до грайливішого контексту &ndash; тла барів і дансингів із веселими американськими солдатами, які після &quot;получки&quot; шукають дівчат і наркотиків.</p>\r\n\r\n<p>&quot;Чорний &ndash; це колір&quot; принесе найменше користі, якщо читати його як текст суто соціально-критичний чи автобіографічний. Так, це роман про життя повії, що мандрує з притону в притон зі своїми дітьми та захищає їх від соціальних служб як тигриця. Так, це роман про жінку, яка любить лише чорних коханців. Але це також роман про патріархальний світ, який видає себе за &quot;нормальний&quot;, от тільки текст дозволяє роздивитися пори та лакуни цієї &quot;нормальності&quot;.</p>\r\n\r\n<p>Відсутність &ndash; важливий сюжет роману. &quot;<em>Твоя відсутність &ndash; це найдорожче, що в мене є</em>&quot;, &ndash; каже лірична героїня-оповідачка. В її вустах низка сцен і локацій викриває тих, що на маргінесах. Проституція постає як метафора і поневолення, і звільнення водночас. Несвобода та надзвичайна незахищеність у секс-роботі, які описано в романі, стають своєрідною розплатою за порушення правил. Саме вихід на панель як вихід із захищеного становища дозволяє артикулювати самостійність і суб&rsquo;єктність. Хай би як абсурдно це звучало.</p>\r\n\r\n<p>&quot;Чорне &ndash; це колір&quot; варто читати як роман постколоніальний і феміністичний. Зверніть увагу на сюжетну лінію про Голокост і ромів, а також на синонімічні пари з вокабулярів секс-роботи та католицизму.</p>\r\n\r\n<p><strong>АНДРІЙ БОНДАР &quot;І ТИМ, ЩО В ГРОБАХ&quot;</strong></p>\r\n\r\n<p><em>&quot;Видавництво Старого Лева&quot;</em></p>\r\n\r\n<p>Моторошна назва &quot;І тим, що в гробах&quot; відсилає до тексту Акафісту, тобто нагадує про Воскресіння, Ісуса Христа та літературний сюжет &quot;смертію смерть поборов&quot;. А також до нещодавніх міркувань Андрія Бондаря про те, що робота письменника дозволяє оживляти мертвих і давати життя тим речам і людям, яких уже нема.</p>\r\n\r\n<p>Збірка есеїстики &quot;І тим, що в гробах&quot; &ndash; про невидиме та незабуте минуле. Можна тематично пригадати цитату популярного серіалу &quot;Game of Thrones&quot;: &quot;<em>Що мертве, не помре</em>&quot;. Мерців і минуле треба носити з собою, але не за плечима, а в спогадах.</p>\r\n\r\n<table align=\"center\" border=\"0\" cellpadding=\"0\" cellspacing=\"0\">\r\n	<tbody>\r\n		<tr>\r\n			<td><img src=\"https://lifeimg.pravda.com/images/doc/a/d/ad32265-bondar.jpg\" style=\"height:370px; width:600px\" /></td>\r\n		</tr>\r\n		<tr>\r\n			<td>&nbsp;</td>\r\n		</tr>\r\n	</tbody>\r\n</table>\r\n\r\n<p>Тексти&nbsp;<strong>Андрія Бондаря</strong>&nbsp;оголюють процес пам&rsquo;яті та пригадування. Важливим контрапунктом тут може слугувати емоційний есей про сільський похорон родичів, локальні забобони та єднання з подекуди малознайомими, але рідними людьми. Зрештою, всім нам лежати в одній землі.</p>\r\n\r\n<p>Важливим для збірки сюжетом також є переклад. Андрій Бондар як відомий і досвідчений перекладач щедро ділиться своїми перекладацькими бувальщинами та історіями різноманітних неперекладностей. Тут-таки постає й інша сторона перекладу: мовлення як переклад самого себе для інших. А також неминучі втрати &ndash; помилки прочитання й розуміння, лінгвістичний шок.</p>\r\n\r\n<p>Письмо Андрія Бондаря в текстах збірки прозоре, ясне, відверте. Воно провокує спогади та запис окремих цитат, які, зрештою, виявляються не виписками з тексту, а виписками з власного внутрішнього монологу. Варто читати з олівцем і блокнотом &ndash; аби не розхлюпати.</p>\r\n\r\n<p><strong>АННА ХЬОГЛУНД &quot;БУТИ МНОЮ&quot;</strong></p>\r\n\r\n<p><em>&quot;Видавництво&quot;, переклад зі шведської Юлії Юрчук</em></p>\r\n\r\n<p>Вже не раз ішлося про те, що на книжковому ринку україномовних книжок бракує дитячої літератури на складні теми. Видавці протягом декількох років поволі наповнюють цю нішу &ndash; і перекладними, і українськими книжками. &quot;Бути мною&quot;&nbsp;<strong>Анни Хьоглунд</strong>&nbsp;доповнює список літератури ще однією підлітковою книжкою.</p>\r\n\r\n<p>&quot;Бути мною&quot; містить порівняно небагато тексту. Це не роман або повість із розгорнутим сюжетом, це написаний від першої особи суб&rsquo;єктивний монолог дівчинки Руси, яка пізнає світ і себе в ньому. Її критичний розум дозволяє поставити низку важливих запитань. Власне, &quot;Бути мною&quot; можна радити читати саме так &ndash; як цінний опитувальник. Можливо, в першу чергу, для себе &ndash; молодших і старших читачів.</p>\r\n\r\n<table align=\"center\" border=\"0\" cellpadding=\"0\" cellspacing=\"0\">\r\n	<tbody>\r\n		<tr>\r\n			<td><img src=\"https://lifeimg.pravda.com/images/doc/c/f/cfe2e82-hoglund.jpg\" style=\"height:370px; width:600px\" /></td>\r\n		</tr>\r\n		<tr>\r\n			<td>&nbsp;</td>\r\n		</tr>\r\n	</tbody>\r\n</table>\r\n\r\n<p>&quot;<em>Невинність звучить так, ніби є і винність. Виходить, ти стаєш винною, коли займаєшся сексом?</em>&quot; Що можна відповісти на це? А якщо допасувати до цього запитання обов&rsquo;язок &quot;бути жіночною&quot; та об&rsquo;єктивацію із щоденним сексизмом як наслідок? Відповіді не такі й прості, оскільки в них замішано порівну суспільних кодів та власних страхів і комплексів.</p>\r\n\r\n<p>Шукаючи відповіді, Руса малює комікс про життя жінок різних часів. А який комікс намалювала би ваша донька? І чи малював би такий комікс ваш син?</p>\r\n\r\n<p>Відверта розмова про межі власного тіла та розбірливе &quot;ні&quot; як слово, яке можна говорити вголос, в Україні стала можливою, здається, лише з літа 2016 року. Цікаво, що поява перекладу &quot;Бути мною&quot; майже співпала з рухом-флешмобом #янебоюсьсказати. Тож читайте та перевірте власні межі &quot;страшних&quot; тем і картинок.</p>\r\n\r\n<p><strong>МАЛАЛА ЮЗУСФАЙ І КРІСТІНА ЛЕМ</strong></p>\r\n\r\n<p><strong>&quot;Я &ndash; МАЛАЛА. ІСТОРІЯ НЕЗЛАМНОЇ БОРОТЬБИ ЗА ПРАВО НА ОСВІТУ&quot;</strong></p>\r\n\r\n<p><em>&quot;Наш Формат&quot;, переклад з англійської &ndash; Ілона Вінничук</em></p>\r\n\r\n<p>Свого часу мене вразила п&rsquo;єса &quot;Сім&quot;, яку привозили в Київ та інші українські міста. Сім запрошених публічних інтелектуалів читали історії сімох відомих жінок-правозахисниць. Однією з найбільш драматичних і емоційно насичених була історія&nbsp;<strong>Мухтар Май</strong>. Це пакистанська правозахисниця, яку зґвалтували, але яка відмовилася накласти на себе руки, щоб уникнути ганьби. Навпаки &ndash; вона почала судовий процес, отримала компенсацію, покарала ґвалтівників.</p>\r\n\r\n<table align=\"center\" border=\"0\" cellpadding=\"0\" cellspacing=\"0\">\r\n	<tbody>\r\n		<tr>\r\n			<td><img src=\"https://lifeimg.pravda.com/images/doc/d/c/dc5a303-malala.jpg\" style=\"height:370px; width:600px\" /></td>\r\n		</tr>\r\n		<tr>\r\n			<td>&nbsp;</td>\r\n		</tr>\r\n	</tbody>\r\n</table>\r\n\r\n<p>Отримані кошти дозволили почати правозахисну та просвітницьку роботи зі створення шкіл для дівчат. На момент трагедії Мухтар Май була неграмотна, тому мала обмаль ресурсів для самозахисту в суді. Освіта для жінок &ndash; те, що дає реальну силу, і вона сама&nbsp; в цьому переконалася.</p>\r\n\r\n<p><strong>Малала Юзусфай</strong>&nbsp;&ndash; ще одна пакистанська дівчина, на п&rsquo;ятнадцять років молодша за Мухтар Май. І можливо, вчиться в одній із шкіл, відкритих за сприяння старшої землячки. Можливо, тексти, в яких вона англійською мовою описала життя школярки в умовах талібану &ndash; це плід правозахисної роботи Мухтар Май.</p>\r\n\r\n<p>&quot;<em>Мій тато завжди казав: Малала буде вільна, мов пташка</em>&quot;, &ndash; в цій фразі один із чільних драматичних сюжетів автобіографії Малали Юзусфай. Позиція батьків і старших чоловіків родини та країни &ndash; це те, що важить і впливає на чимало фактів і рішень. Але малі щоденні жести &ndash; як-то продовження навчання та боротьби на своєму рівні, рішучість назвати своє ім&rsquo;я та говорити від власної особи &ndash; це те, що змінює країни та цілий світ. &quot;Я &ndash; Малала&quot; &ndash; цінний досвід роботи, боротьби та рішучості. І йдеться не тільки про Пакистан.</p>\r\n\r\n<p><strong>АДАМ ГРАНТ &quot;ОРИГІНАЛИ&quot;</strong></p>\r\n\r\n<p><em>&quot;Тао&quot;, переклад з англійської &ndash; Андрій Бондар</em></p>\r\n\r\n<p>Найбільш успішні бізнесмени світу, як-то&nbsp;<strong>Річард Бренсон</strong>, відносять цю книжку до найкорисніших, що їм траплялося читати за все життя. Операційна директорка Facebook<strong>Шерил Сендберг</strong>&nbsp;зізнається, що завдяки ній вона змінила своє ставлення до швидкості виконання завдань і прокрастинації. Ще б пак, кому ж не хочеться дізнатися, звідки беруться оригінальні ідеї.</p>\r\n\r\n<table align=\"center\" border=\"0\" cellpadding=\"0\" cellspacing=\"0\">\r\n	<tbody>\r\n		<tr>\r\n			<td><img src=\"https://lifeimg.pravda.com/images/doc/e/e/ee83342-grant.jpg\" style=\"height:370px; width:600px\" /></td>\r\n		</tr>\r\n		<tr>\r\n			<td>&nbsp;</td>\r\n		</tr>\r\n	</tbody>\r\n</table>\r\n\r\n<p>Адам Грант &ndash; дослідник, який знає, як зробити так, щоб люди працювали краще. В команді з провідними науковцями світу він аналізує дотепні експерименти та застосовує їх на практиці кожної окремої корпоративної культури. В результаті може виявитися, що вибір інтернет-браузера впливає на креативність. І що заміна електронного листування на спілкування за допомогою веб-камери може допомогти працювати ефективніше та в кайф.</p>\r\n\r\n<p>Звичайно, &quot;Оригінали&quot; &ndash; це не лише комплект лайфхаків і цікавих фактів про свідомість і поведінку людини. Це дослідження є продуктом глибоких роздумів про людську ідентичність, етику праці та доброчесності. Саме тому бізнес-приклади чергуються з історіями Праведників народів світу: важливо зрозуміти, хто є тими оригіналами, які чинять добре, попри безжальні обставини навколо. Погодьтеся, бізнес-культура іноді може дати фору світовим диктатурам.</p>\r\n\r\n<p>&nbsp;</p>\r\n\r\n<p>Фото: Baloncici/Depositphotos,&nbsp;<em>Ірина Славінська, спеціально для УП.Культура</em></p>\r\n', '470', 'Львов, книги, форум, издателей, образование', '0', '1');
INSERT INTO `news` VALUES ('27', '3', '2016-09-14 21:58:08', 'Оптимістичне очікування. Як змінилися оцінки європейських інвесторів', '<p><img src=\"https://www.eurointegration.com.ua/images/doc/9/6/9629255-625.jpg\" style=\"border-style:solid; border-width:1px; float:left; height:275px; margin:5px; width:625px\" /></p>\r\n\r\n<p>Чи має Україна перспективи залучення іноземних інвестицій?</p>\r\n\r\n<p>З одного боку, якщо дивитися за статистикою інвестицій нинішнього року, коли притік іноземних коштів фіксувався в основному в банківський сектор (та був вимушеним), або за результатами цьогорічної приватизації, то відповідь, на превеликий жаль, аж ніяк не буде&nbsp;ствердною.</p>\r\n\r\n<p>Втім, є й хороша новина &ndash;&nbsp;самі інвестори налаштовані досить позитивно.</p>\r\n\r\n<p>Підтвердженням цього є результати опитування, проведеного Європейською бізнес асоціацією (EBA) серед своїх членів.</p>\r\n\r\n<p>Варто відзначити, що&nbsp;EBA&nbsp;не вперше проводить такі опитування, і, як правило, оцінки інвесторів коливаються від &quot;погано&quot; до &quot;дуже погано&quot;.</p>\r\n\r\n<p>Однак в даному випадку EBA&nbsp;вирішила суттєво обмежити коло респондентів, залучивши лише представників іноземних інвесторів.</p>\r\n\r\n<p>В опитуванні, що проводилося наприкінці літа, взяли участь 117 ключових інвесторів, більшість з яких працюють у сфері надання послуг &ndash; 35%,&nbsp; а також у таких секторах, як: промисловість &ndash; 25%, будівництво &ndash; 7%, гірничо-видобувна галузь &ndash; 3% та інших секторах.</p>\r\n\r\n<p>Головна новина &ndash; інвестори поступово вірять у відновлення української економіки.</p>\r\n\r\n<p>Зокрема, 74% респондентів підтвердили, що очікують на позитивну динаміку зростання бізнесу у 2017 році. Трохи менше довіра до гривні &ndash; лише 23% опитаних під час планування бюджету на 2017 рік закладають курс валют на рівні 27-28 грн/$.</p>\r\n\r\n<p>Ще одна позитивна новина &ndash;&nbsp;41% респондентів планують підвищувати зарплатні своїм співробітникам, попередньо &ndash;&nbsp;на 10-20%.</p>\r\n\r\n<p>Чи достатньо цього для відновлення інвестицій? Не зовсім.</p>\r\n\r\n<p>Про це свідчить і саме опитування. Зокрема, 46% не планують у 2017 році нових інвестиційних проектів.</p>\r\n\r\n<p>З іншого боку, 45%, навпаки, планують такі проекти.</p>\r\n\r\n<p>В чому причина такого скептицизму?</p>\r\n\r\n<p>Насамперед &ndash; у тривалому падінні української економіки. Падіння, яке не може компенсувати очікуване зростання ВВП цього року на рівні 1-2%.</p>\r\n\r\n<p>Але, що найважливіше для бізнесу &ndash; це зростання його прибутків. Тут теж поки все не дуже оптимістично.</p>\r\n\r\n<p>Більшість опитаних (32%) вважають, що прибутковість бізнесу у 2017 році зросте на 10% (у доларовому еквіваленті).</p>\r\n\r\n<p>&quot;Інвестори бачать, що економічна ситуація в Україні продовжує бути найгіршою у Східній Європі. В такому випадку вони намагаються розглядати інші варіанти, наприклад &ndash; Албанію, де при низькому рівні оплати праці, останніми роками фіксуються досить високі темпи зростання економіки і високі темпи зростання прибутковості бізнесу&quot;, - вважає президент інвесткомпанії Dragon Capital Томаш Фіала.</p>\r\n\r\n<p>Таким чином, формується замкнене коло:</p>\r\n\r\n<p>українська економіка може прискорити своє зростання лише за рахунок інвестицій, а інвестори поки не йдуть у країну з низькими темпами економічного росту.</p>\r\n\r\n<p>Втім, ситуацію можна змінити. Зокрема, на думку Томаша Фіали, таку можливість Україні дає режим вільної торгівлі із ЄС, що запрацював із січня нинішнього року. &quot;Це був досить важливий сигнал для інвесторів, які пам&rsquo;ятали, як аналогічний режим вплинув на економіки східноєвропейських країн&quot;, - говорить він.</p>\r\n\r\n<p>За його словами, основний економічний ефект від ЗВТ має бути у приході інвесторів. &quot;Досвід Центральної Європи показує &ndash; місцевим компаніям знадобився час, щоб вийти та закріпитися на ринку ЄС. Однак європейський бізнес досить швидко оцінив нові можливості та переніс туди свої потужності&quot;, - додає Фіала.</p>\r\n\r\n<p>&quot;Європейський бізнес досить уважно моніторить ситуацію в Україні. А зважаючи на те, що ціна на електроенергію в Україні набагато нижча, ніж в Європі, &ndash;&nbsp;це потужний стимул перенести свої потужності в Україну&quot;, - додає президент EBA&nbsp;Кшиштоф Седлецьки.</p>\r\n\r\n<p>Втім, варто визнати &ndash; очікуваного масового приходу інвесторів в Україні досі не відбулося.</p>\r\n\r\n<p>Традиційно таку відміність від &quot;success story&quot; східноєвропейських країн було прийнято пояснювати бойовими діями на Сході та загрозою розширення зони бойових дій.</p>\r\n\r\n<p>Мабуть, найважливіша новина, яка міститься в опитуванні &ndash; цей ризик вже не такий принципово важливий для інвесторів. Зокрема,</p>\r\n\r\n<p>оцінка важливості &quot;військового фактора&quot; при ухваленні інвестиційних рішень в середньому набрала 6,1% балів (за 10-бальною системою). Це лише третій показник!</p>\r\n\r\n<p>І це при тому, що у 2014 та у 2015 роках цей ризик був найголовнішим, випереджаючи всі інші українські &quot;негаразди&quot;.</p>\r\n\r\n<p>&quot;Очевидно, можна говорити, що ці побоювання інвестори вже побороли&quot;, - визнає виконуючий директор ЕВА Анна Деревянко. &quot;Європейський бізнес звик вести справи в різних країнах. Інвестиції &ndash; причому набагато більші, ніж в Україну, &ndash;&nbsp;йдуть в африканські країни, де точиться війна. Тому головна причина &ndash;&nbsp;аж ніяк не у військовому конфлікті&quot;, - додає Кшиштоф Седлецьки.</p>\r\n\r\n<p>Дійсно, вперше з початку війни інвесторів більше цікавлять традиційні українські ризики: корупція та відсутність судової реформи.</p>\r\n\r\n<p>При цьому важливість зменшення податків є темою невисокої ваги &ndash;&nbsp;лише 2,9% бала. Набагато більше &ndash; майже 19% &ndash;&nbsp;занепокоєні складністю їх адміністрування та відсутністю прогресу в цій сфері. Важливість цієї теми оцінюється у&nbsp;5 балів.&nbsp;</p>\r\n\r\n<table align=\"center\" border=\"0\" cellpadding=\"0\" cellspacing=\"0\">\r\n	<tbody>\r\n		<tr>\r\n			<td><img src=\"https://www.eurointegration.com.ua/images/doc/6/3/63f2b95-461.jpg\" style=\"height:242px; width:460px\" /></td>\r\n		</tr>\r\n		<tr>\r\n			<td>Рівень перешкод для інвестування за ступенем їхньої важливості<br />\r\n			(найвищий бал &ndash;&nbsp;10)&nbsp;</td>\r\n		</tr>\r\n	</tbody>\r\n</table>\r\n\r\n<p>Ще одна проблема &ndash; загрози політичній стабільності. Зміна курсу країни (принаймні, економічного) турбує 15% респондентів.</p>\r\n\r\n<p>Втім, за словами Томаша Фіали, надання траншу МВФ має дещо заспокоїти інвесторів. &quot;Головне, щоб проміжок часу між нинішнім траншем та наступним був би суттєво менший, ніж між нинішнім та попереднім&quot;, - додає він. Нагадаємо, що Україна не могла отримати третій транш МВФ увесь 2016 рік, що не додавало надійності країні в очах бізнесу.</p>\r\n\r\n<p>І нарешті,</p>\r\n\r\n<p>інвестори почали говорити про нову проблему &ndash;&nbsp;повільну імплементацію Україною норм, включених в Угоду про асоціацію з ЄС.</p>\r\n\r\n<p>Наразі про цю проблему як про пріоритетну заявило 5% респондентів.</p>\r\n\r\n<p>Не менш важливо зазначити, що інвестори не чекають від уряду неможливого. Для суттєвого покращення ситуації та розблокування інвестування, на їхню думку, цілком достатньо простих кроків: виконувати програму МВФ, саджати за корупцію, приватизувати хоча б три найбільших підприємства та зняти обмеження на рух капіталу.&nbsp;</p>\r\n\r\n<p>Все це &ndash;&nbsp;кроки, які в уряді обіцяють зробити давно, і за наявності політичної волі їх можна було б зробити за декілька місяців.&nbsp;</p>\r\n\r\n<table align=\"center\" border=\"0\" cellpadding=\"0\" cellspacing=\"0\">\r\n	<tbody>\r\n		<tr>\r\n			<td><img src=\"https://www.eurointegration.com.ua/images/doc/8/f/8f23aeb-460.jpg\" style=\"height:345px; width:460px\" /></td>\r\n		</tr>\r\n		<tr>\r\n			<td>Позитивний вплив дій влади на приток інвестицій&nbsp;<br />\r\n			(найпозитивніший вплив &ndash;&nbsp;10)&nbsp;</td>\r\n		</tr>\r\n	</tbody>\r\n</table>\r\n\r\n<p>Отже, хоча проблем дійсно багато, однак, як постійно визнають в ЕВА, загальна ситуація видається набагато сприятливішою, ніж рік тому.</p>\r\n\r\n<p>А такий оптимізм інвесторів &ndash; це можливість, яку країна мусить використати.</p>\r\n\r\n<p>Якщо ми дійсно збираємося використовувати можливості, які дає Україні Угода про асоціацію.</p>\r\n\r\n<p>І останнє &ndash; опитування бізнесу проводилося в період, коли новий транш МВФ був під сумнівом. Останні новини додали оптимізму, а відповідно, попри складності, Україна &ndash;&nbsp;на правильному шляху.&nbsp;</p>\r\n\r\n<p>&nbsp;</p>\r\n\r\n<p><strong><em>Автор: Юрій Панченко,</em></strong></p>\r\n\r\n<p><em>редактор &quot;Європейської правди&quot;</em></p>\r\n', '5556', 'МВФ, транш, экономика, инвестиции', '0', '1');
INSERT INTO `news` VALUES ('28', '4', '2016-09-19 09:41:14', 'Почему много работать вредно', '<p><a href=\"http://03info.com/upload/old/2013/12/trudogolik3.jpg\"><img alt=\"trudogolik3\" src=\"http://03info.com/upload/old/2013/12/trudogolik3.jpg\" style=\"border-style:solid; border-width:0px; float:left; height:200px; margin:5px; width:300px\" /></a><strong>Работать много действительно вредно - причем, не только для физического, но и для психологического здоровья человека.</strong></p>\r\n\r\n<p>К таким выводам пришли представители Киотской школы общественного здоровья (Kyoto University School of Public Health.).</p>\r\n\r\n<p>Если человек много времени проводит на работе и при этом к нему предъявляются высокие требования, то он рано или поздно заработает депрессию.</p>\r\n\r\n<p>Такахаси Амагаса (Takahashi Amagasa) и Такео Накаяма (Takeo Nakayama) исследовали стрессовые факторы, связанные с работой 218 японцев.</p>\r\n\r\n<p>Всем знакомое понятие &laquo;депрессия&raquo;, описывающее состояние хронической апатии, тяжелого уныния, упадка сил. Депрессия &mdash; это серьезное психологическое расстройство, от которого нередко страдает не только сам больной, но и его близкие. Не удивительно, что депрессия развивается на фоне стресса или длительно травмирующей ситуации, такой как потеря работы или конфликтные взаимоотношения на работе.</p>\r\n\r\n<p>Однако, оказалось, что для развития депрессии достаточно и гораздо меньшего: работать 60% недели и иметь довольно большую нагрузку. В этом случае риск возникновения депрессии повышается в 15 раз, пишет The Times of India.</p>\r\n\r\n<p>Более того, со временем этот риск увеличивается и имеет накопительный эффект.</p>\r\n\r\n<p>Источник: &nbsp;https://www.ukr.net</p>\r\n\r\n<p><img alt=\"\" src=\"/img/news/91-4a47a0db6e60853dedfcfdf08a5ca249.png\" style=\"height:40px; width:40px\" /></p>\r\n', '312', 'медицина, здоровье, работа, депрессия', '0', '1');
INSERT INTO `news` VALUES ('29', '4', '2016-09-15 09:26:15', '4 способи отримати більше енергії', '<p>Наш успіх залежить від того, скільки у нас життєвої енергії. Кожна людина має 24 години на добу, але одні встигають за цей час показати блискучі результати, а інші не можуть виконати і половини запланованого. Причина цього явища &ndash; недолік життєвої енергії. Звідки її черпати? Давайте розглянемо 4 способи зарядитися енергією.<img alt=\"енергія\" src=\"http://zdorovia.com.ua/uploads/dsn/f9/15/001/tesla.jpg\" style=\"border-style:solid; border-width:1px; float:left; margin:5px\" title=\"4 способи отримати більше енергії \" /></p>\r\n\r\n<p><strong>1. Займайтеся спортом.</strong></p>\r\n\r\n<p>Багато хто може заперечити, мовляв, як займатися спортом, якщо енергії і так не вистачає. Дуже просто &ndash; потрібно зробити спорт пріоритетом, і починати свій кожен день з ранкової зарядки. Навіть якщо ви відчуваєте себе вареним овочем і ледве доповзаєте до кухні, щоб заварити собі каву. Почніть займатися, і вже через 5 хвилин інтенсивного тренування ви відчуєте прилив сил і енергії. Під час занять організм починає активно виробляти енергію, якої вистачить і на саму тренування, і на інші справи після неї.</p>\r\n\r\n<p><strong>2. Слухайте гарну музику.</strong></p>\r\n\r\n<p>Позбавте свої вуха від всякого сміття, який ви вбирає в себе по дорозі на роботу, або просто прогулюючись. Скачайте собі на смартфон або запишіть на плеєр улюблені треки в хорошій якості і сповняйтеся енергетикою, яку несе музика. Важливо правильно підбирати композиції для прослуховування &ndash; музика також іноді є джерелом негативної енергетики.</p>\r\n\r\n<p><strong>3. Спілкуйтеся з позитивними людьми.</strong></p>\r\n\r\n<p>Оточуйте себе оптимістами, які без шкоди для себе можуть передавати свою енергетику і заряджати позитивом. Більше часу проводьте з тими людьми, які вас приймають такими, якими ви є. Спілкуйтеся з тими, хто вірить у ваші сили, ваше майбутнє і всіляко підтримує. Ваша впевненість з&rsquo;єднується з їх вірою і дає вам потужний енергетичний заряд. Людина, яка має сильну (енергетично) групу підтримки здатний досягти високих результатів. І навпаки &ndash; уникайте спілкування з тими людьми, які намагаються, навіть несвідомо, підірвати вашу віру в успіх.</p>\r\n\r\n<p><strong>4. Медитація або молитва.</strong></p>\r\n\r\n<p>Якщо ви вірите в Бога, ви завжди можете отримувати енергію в молитвах. Також ви можете почати практикувати медитацію. В обох випадках ви зможете очистити свій розум від суєти, яка краде вашу енергію.</p>\r\n\r\n<p>Джерело:&nbsp; zdorovia.com.ua</p>\r\n', '843', 'здоровье, энергия, спорт, общение, медитация', '0', '1');
INSERT INTO `news` VALUES ('30', '4', '2016-09-15 09:29:07', 'Ученые доказали, что селфи делают человека счастливым', '<p><strong>Ученые утверждают, что фотографирование самого себя вызывает у человека позитивные эмоции.</strong><br />\r\n<br />\r\nСелфи делают людей более счастливыми и не одинокими. Об этом рассказали ученые из Калифорнийского университета в Ирвайне, передает&nbsp;<a href=\"http://hronika.info/\">Хроника.инфо</a>&nbsp;со ссылкой на&nbsp;<a href=\"http://svopi.ru/nauka/125007\" target=\"_blank\">svopi.ru</a>.<br />\r\n<br />\r\nДля получения сведений о воздействии селфи на людей, которые их делают, ученым пришлось провести ряд исследований. В ходе опытов специалисты предложили одной группе испытуемых ежедневно делать по нескольку снимков самих себя. Остальные же должны были отказаться от селфи на целый месяц.&nbsp;<br />\r\n<br />\r\nВ итоге оказалось, что уровень эндорфина в крови у представителей первой группы был выше второй примерно на тридцать процентов. По словам ученых, селфи также подавляют в людях чувство одиночества. Многие индивиды постоянно постят свои фотографии в различных социальных сетях, в связи с чем чувствуют внимание к себе. В то же время отмечается, что во всем нужна мера и большая зависимость от мнения окружающих не ведёт ни к чему хорошему.</p>\r\n\r\n<p>Источник:&nbsp;http://hronika.info/</p>\r\n', '210', 'селфи, счастье, энергия, здоровье', '0', '1');
INSERT INTO `news` VALUES ('31', '4', '2016-09-15 09:33:56', 'Простые правила облегчения аллергии', '<p><img alt=\"Фото: karapyziki.net\" src=\"http://www.segodnya.ua/img/article/7518/59_main.jpg\" style=\"border-style:solid; border-width:1px; float:left; height:250px; margin:5px; width:380px\" /></p>\r\n\r\n<p>Сезонная аллергия для многих проблема, особенно для тех, кто не хочет принимать таблетки, но есть способы, с помощью которых ее можно облегчить</p>\r\n\r\n<p>Например, нужно принимать горячий душ пару раз в день,&nbsp;<a href=\"http://www.segodnya.ua/regions/krym/Mogilev-vozmetsya-za-razvitie-Ay-Petri.html\">вода</a>&nbsp;смоет аллергены, а пар очистит от них бронхи, пишет &quot;<a href=\"http://www.orthodox.od.ua/main/17800-prostye-pravila-oblegcheniya-allergii.html\" rel=\"nofollow\" target=\"_blank\">Ортодокс</a>&quot;.</p>\r\n\r\n<p>Для носа можно использовать соляные спреи, или самому сделать слегка соленую воду и промывать ею нос, это очистит его от причины повышенного слезоотделения. В вашем рационе должны быть полезные жиры Омега-3.</p>\r\n\r\n<p>Также необходимо есть натуральный йогурт, в котором есть полезные пробиотики, помогающие бороться с симптомами аллергии. И наконец, больше отдыхайте, а днем себе устраивайте отдых.</p>\r\n\r\n<p>Источник: http://www.segodnya.ua/,&nbsp;Фото: karapyziki.net</p>\r\n', '349', 'аллергия, здоровье', '0', '1');
INSERT INTO `news` VALUES ('32', '4', '2016-09-15 09:41:23', 'Названы самые полезные осенние овощи', '<p><img alt=\"В осенних овощах много витаминов. Фото: foodclub-ru.livejournal.com\" src=\"http://www.segodnya.ua/img/article/7514/22_main.jpg\" style=\"border-style:solid; border-width:1px; float:left; height:250px; margin:5px; width:380px\" /></p>\r\n\r\n<p>Диетологи советуют обратить внимание на капусту, свеклу и сладкий перец&nbsp;</p>\r\n\r\n<p>Диетологи назвали&nbsp;три очень доступных осенних овоща, которые способны обеспечивать организм человека полезными веществами вплоть до следующего урожая.</p>\r\n\r\n<p><strong>Капуста</strong></p>\r\n\r\n<p>Знаменитый путешественник Джеймс Кук считал, что ни за что не совершил бы свои открытия, не будь у него на борту квашеной капусты. Именно она не раз спасала экипаж Кука от цинги.</p>\r\n\r\n<p>Чем полезна. По содержанию витамина С капуста совсем немного уступает лимону, который считается чуть ли не панацеей от различных простуд и инфекций. Однако стоит лимону полежать в холодильнике хотя бы неделю &ndash; и количество аскорбинки в полезном цитрусе уменьшится на треть, тогда как капуста способна сохранять витамин С чуть ли не всю зиму. Дело в том, что в капусте имеется как чистая аскорбиновая кислота, так и некое вещество аскорбиген, которое обладает всеми свойствами аскорбинки, но при этом не разрушается при хранении и квашении. Но особенно прославилась капуста благодаря американскому ученому Чини, который обнаружил в капустных листьях редкий витамин U, помогающий справляться с язвенной болезнью и гастритами.</p>\r\n\r\n<p>От чего лечит. Капустный сок рекомендуют пить при гастритах с повышенной кислотностью. Сок пьют дважды в день по полстакана перед едой. Однако для лечения подходит только сок из свежей капусты. При квашении противоязвенный витамин почти полностью разрушается.</p>\r\n\r\n<p>Что приготовить. Закваска. Витамин С полностью сохраняется при квашении, поэтому квашеная капуста по содержанию витамина С ничуть не уступает свежей, а иногда даже превосходит ее. Капусту также можно есть свежей всю зиму. Всего 100 граммов полезного овоща обеспечит суточную потребность организма в аскорбинке. Для того чтобы витамины не разрушались, капусту необходимо правильно хранить. Наилучшее место для этого &ndash; темный холодный погреб. Прямые солнечные лучи и высокая температура воздуха разрушают витамин С.</p>\r\n\r\n<p>3 факта. 1. Ученые установили, что у тех, кто ест капусту каждый день, снижается риск инсульта и инфаркта. Наибольшим профилактическим эффектом обладает обычная белокочанная капуста, затем идут брокколи и цветная капуста.</p>\r\n\r\n<p>2. Свойство капусты предупреждать отравление и интоксикацию было известно еще в Древнем Риме. Там пили капустный сок перед большим застольем и жевали капустные семена для профилактики похмелья.</p>\r\n\r\n<p>3. Самый большой кочан капусты вырастили в Йоркшире в 1977 году. Кочан весил 51,8 кг.</p>\r\n\r\n<p><strong>Свекла</strong></p>\r\n\r\n<p>Как и в случае с перцем, европейцы не сразу догадались, как нужно обращаться со свеклой. Если в Азии этот овощ ели &quot;правильно&quot;, то европейцы долгое время считали съедобной только ботву.&nbsp;</p>\r\n\r\n<p>Чем полезна. Главное богатство этого овоща &ndash; большое количество витаминов группы В, которые отвечают за слаженную работу нервной системы, здоровье кожи, волос и ногтей. Есть в свекле и витамин С и витамин А и незаменимые аминокислоты. Микроэлементному составу свеклы позавидует любой овощ. Свекла &ndash; рекордсмен среди овощей по содержанию цинка, в ней много йода и железа.</p>\r\n\r\n<p>От чего лечит. При гипертонии принимают смесь свекольного сока с медом в пропорции 1:1 по 1/3 стакана 3 раза в день. Сок вареной свеклы полезно закапывать в нос при насморке. На ожоги, прыщи и воспаления кожи хорошо действует&nbsp;<a href=\"http://www.segodnya.ua/science/actronomy-nashli-62-novykh-meteornykh-dozhdja.html\">вода</a>, в которой варилась свекла. Отваром свеклы с добавлением небольшого количества уксуса полезно ополаскивать голову при перхоти.</p>\r\n\r\n<p>Что приготовить. Борщ, винегрет или селедку под шубой. Чтобы свести к минимуму потери витаминов, не следует заливать свеклу большим количеством воды, советуют специалисты. Жидкость должна покрывать овощи на 1-2 сантиметра. Варить свеклу нужно в закрытой крышкой посуде. Приготовленную свеклу заранее лучше не очищать &ndash; витамин С быстро разрушается на воздухе.</p>\r\n\r\n<p>3 факта. 1. Ученые установили, что в свекле есть органическое вещество бетанин, которое предотвращает развитие злокачественных опухолей.</p>\r\n\r\n<p>2. Во времена античности свеклу считали афродизиаком. Современные ученые считают, что в этом есть некий&nbsp;<a href=\"http://www.segodnya.ua/world/novaja-ideja-obamy-mozhet-cilno-prishchemit-rocciju.html\">смысл</a>. Свекла богата бором, который необходим для выработки половых гормонов.</p>\r\n\r\n<p>3. Существует огромное количество разновидностей борща. Только в Украине их 40.</p>\r\n\r\n<p><strong>Сладкий перец</strong></p>\r\n\r\n<p>Болгарский перец &ndash; дальний родственник помидоров и баклажанов. Ведь этот сорт относится вовсе не к семейству перечных, а к семейству пасленовых, к которому принадлежат и томаты, и баклажаны. Когда-то в Европе перец выращивали исключительно как декоративное растение, но потом его распробовали &ndash; и он занял достойное место на наших столах.</p>\r\n\r\n<p>Чем полезен. Помимо мелких и несъедобных семечек, в стручках болгарского перца содержится множество витаминов: В, В2, РР, А. Причем в красном и желтом перце витамина А, или каротина, гораздо больше, чем в зеленом. Ну а по содержанию витамина С болгарский перец уступает разве что облепихе и плодам шиповника. Зато съесть болгарского перца можно гораздо больше, чем кислой облепихи и твердого шиповника. Чем ближе к плодоножке, тем больше аскорбинки содержится в перечной мякоти.&nbsp;</p>\r\n\r\n<p>А еще в перце много микроэлементов: калий (нужен для сердца и сосудов), йод (необходим для мозга и правильного обмена веществ), железо (для крови), цинк (улучшает кожу и волосы), фосфор (укрепляет память), магний (нормализует работу нервной системы).</p>\r\n\r\n<p>От чего лечит. Как и в его жгучем собрате, в сладком перце присутствует алкалоид капсацин, который улучшает аппетит и препятствует образованию тромбов в венах и сосудах.</p>\r\n\r\n<p>Перечный сок рекомендуют при гипертонии, анемии и плохом иммунитете.</p>\r\n\r\n<p>Что приготовить. Лечо. В консервированном перце сохраняются практически все полезные вещества.</p>\r\n\r\n<p>3 факта. 1. Ученые выяснили: регулярное употребление сладкого перца &ndash; это отличная профилактика атеросклероза. Все дело в витамине Р, который, в сочетании с аскорбиновой кислотой, становится отличной &quot;щеткой&quot; для сосудов и помогает избавиться от холестериновых бляшек.</p>\r\n\r\n<p>2. В Южной Корее периодически проходит фестиваль стручкового перца. Во время праздника кулинары соревнуются в приготовлении различных блюд из этого овоща, а зрители выбирают &quot;Мисс Перец&quot;.</p>\r\n\r\n<p>3. Всего 30 г болгарского перца обеспечивают суточную потребность организма в витамине С.</p>\r\n\r\n<p>&nbsp;</p>\r\n\r\n<p>Источник:&nbsp;http://www.segodnya.ua&nbsp;,&nbsp;Фото: foodclub-ru.livejournal.com</p>\r\n', '89', 'овощи, здоровье, капуста, энергия', '0', '1');
INSERT INTO `news` VALUES ('33', '4', '2016-09-16 09:15:25', 'Четыре мифа о безвредности алкоголя', '<p><img alt=\"Кадр из видео\" src=\"http://www.segodnya.ua/img/article/7508/78_main.jpg\" style=\"border-style:solid; border-width:1px; float:right; height:250px; margin:5px; width:380px\" />Не секрет, что люди &quot;употребляющие&quot; придумали много несоответствующих правде &quot;фактов&quot; об алкоголе.&nbsp;</p>\r\n\r\n<p>Так, например, любители выпить говорят, что еда спасает от похмелья, но на самом деле от похмелья спасает только отсутствие алкоголя, пишет &quot;<a href=\"http://www.orthodox.od.ua/main/17787-chetyre-mifa-o-bezvrednosti-alkogolya.html\" rel=\"nofollow\" target=\"_blank\">Ортодокс</a>&quot;.&nbsp;</p>\r\n\r\n<p>Алкоголь не улучшает сон, поэтому не стоит слушать тех, кто это говорит. Светлое пиво не значит, что оно более легкое, в нем также много калорий.&nbsp;</p>\r\n\r\n<p>Также есть мнение, что если выпить много безалкогольного пива, то можно опьянеть &ndash; ну разве что если выпить бочку. Еще говорят, что если пить умеренно и не часто, то зависимости не возникнет, но именно так и начинается зависимость от алкоголя.&nbsp;</p>\r\n\r\n<p>Также есть мнение, что если выпить много безалкогольного пива, то можно опьянеть &ndash; ну разве что если выпить бочку. Еще говорят, что если пить умеренно и не часто, то зависимости не возникнет, но именно так и начинается зависимость от алкоголя.</p>\r\n\r\n<p>Источник:&nbsp;http://www.segodnya.ua/</p>\r\n', '1993', 'здоровье, алкоголь, пиво, зависьмость', '1', '1');
INSERT INTO `news` VALUES ('34', '6', '2016-09-15 09:44:07', 'Поклонники не оценили модный эксперимент Веры Брежневой', '<h2>Брежнева стала брюнеткой</h2>\r\n\r\n<p>Певица&nbsp;<a href=\"http://www.segodnya.ua/culture/showbiz/vera-brezhneva-razvoditcja-c-muzhem.html\">Вера Брежнева</a>&nbsp;удивила поклонников на странице в Instagram неожиданным образом. Певица решилась на модный эксперимент и стала брюнеткой.</p>\r\n\r\n<p>На снимке Вера позирует в парике и цветном пончо. &quot;Люблю быть разной! Улыбчивой, милой, с томагавком в руке&quot;, &ndash; подписала кадр звезда.</p>\r\n\r\n<p>Подписчики отметили, что Брежневой не идет черный цвет волос: &quot;Очаровательный вождь!&quot;, &quot;Образ классный, но он ей не идет&quot;, &quot;<a href=\"http://www.segodnya.ua/regions/odessa/alekcandr-levenbuk-kohda-puhacheva-otkryvala-nash-teatr-ona-hovorila-a-narod-plakal.html\">Вот</a>&nbsp;это да, что блондинка, что брюнетка &ndash; красавица&quot;, &quot;Совсем другая, блондинкой лучше&quot;, &quot;Ужас какой&quot;, &quot;Только блондинка&quot;, &quot;Только блонд, черный не ваш цвет&quot;, &quot;Неожиданно&quot;, &ndash; прокомментировали пользователи.</p>\r\n\r\n<p><a href=\"http://www.segodnya.ua/img/forall/users/1159/115927/new/1_1029.jpg\" target=\"_blank\"><img alt=\"1_1029\" src=\"http://www.segodnya.ua/img/forall/users/1159/115927/new/1_1029.jpg\" style=\"height:682px; margin:5px; width:600px\" /></a></p>\r\n\r\n<p>Фото: Instagram</p>\r\n', '364', 'Брежнева, фото, культура', '0', '1');
INSERT INTO `news` VALUES ('35', '6', '2016-09-15 09:47:47', 'Камерон Диаз призналась, что страдала из-за своей худобы', '<p><img alt=\"Камерон Диаз Фото: AFP \" src=\"http://www.segodnya.ua/img/article/7518/7_main.jpg\" style=\"border-style:solid; border-width:1px; float:left; height:250px; margin:5px; width:380px\" />Актриса&nbsp;<a href=\"http://www.segodnya.ua/culture/showbiz/koshka-hello-kitty-ctanet-litsom-christian-dior.html\">Камерон Диаз</a>&nbsp;призналась, что ее не смущает разница в возрасте со своим супругом, 37-летним музыкантом Бенджи Медденом. &quot;Я встретила Бенни &mdash; и поняла: это мой будущий муж. Он &mdash; самый искренний человек на свете. Ни у кого из всех живущих на земле нет такого огромного сердца! &mdash; говорит 44-летняя актриса. &mdash; Бен &mdash; очень эмоционально зрелый и взрослый человек. А я, хоть и старше, могу себе позволить быть более свободной в своих эмоциях. Получается отличный баланс! Бен научил меня признаваться в своих ошибках, не бояться показывать боль, усталость, неуверенность &mdash; то, что я привыкла тщательно скрывать всю свою жизнь&quot;.</p>\r\n\r\n<p>Как оказалось, Диаз в детстве очень страдала из-за того, что чувствовала себя слишком худой. У нее был настоящий комплекс. И только пообщавшись с Беном она поняла, что об этих своих детских переживаниях, которые она всегда скрывала, нужно вспоминать легко.</p>\r\n\r\n<p>&quot;В детстве меня звали скелетом и эфиопкой &mdash; такая я была худющая, &mdash; говорит актриса. &mdash; Представляете, как сильно меня это задевало? Особенно расстраивало отсутствие некоторых частей тела в подростковом возрасте. Сейчас дети в основном сидят по домам за компьютерами или ходят в секции, на дополнительные занятия. А я еще те времена застала, когда мы играли на улице, мы все время были друг у друга на виду. И если я подвергалась насмешкам, то даже дралась, чтобы постоять за себя. Я могла выбрать самого крупного мальчишку и поднять его, доказывая, какая сильная и крутая. Это казалось мне тогда самым важным...&quot;.</p>\r\n\r\n<p>Камерон Диаз Фото: AFP&nbsp;</p>\r\n', '0', 'Камерон Диаз, Голливуд, актриса, красота ', '0', '1');
INSERT INTO `news` VALUES ('36', '6', '2016-09-19 07:30:40', 'Джамала с челкой: поклонники в восторге от ее новой прически ', '<h1>Длинная челка и правда очень идет певице и освежает ее образ</h1>\r\n\r\n<p>Украинская певица&nbsp;<a href=\"http://www.segodnya.ua/regions/lvov/eks-lvovyanin-smontiroval-klip-na-pobednuyu-pesnyu-dzhamaly-true-1944-2014-716067.html\">Джамала</a>захотела перемен и сделала себе челку. Снимками с новым образом она поделилась в Instagram.</p>\r\n\r\n<p>&quot;Время челок и вкусного латте&quot;, &ndash; подписала она снимок, сделанный на Крещатике.</p>\r\n\r\n<p>&quot;Вам дуже круто так&quot;, &quot;Я в захваті&quot;, &quot;Круто&quot;, &quot;Шикарно&quot;, &quot;Челка это ваше, очень идет!&quot;, &quot;Замечательно выглядите с челкой&quot;, &quot;Очень круто&quot;, &quot;Файна ви&quot;,&quot;Красуня Вау! Гарно!&quot;, &quot;Аааа классная&quot;, &ndash; пишут поклонники. &nbsp;</p>\r\n\r\n<p><a href=\"http://www.segodnya.ua/img/forall/users/2621/262150/new/1_72.jpg\" target=\"_blank\"><img alt=\"1_72\" src=\"http://www.segodnya.ua/img/forall/users/2621/262150/new/1_72.jpg\" style=\"height:597px; width:477px\" /></a></p>\r\n\r\n<p>На фото Джамала позирует в ярком платье и со стаканчиком кофе в руках. Длинная челка и правда, очень идет певице и освежает ее образ.</p>\r\n\r\n<p>Источник: http://www.segodnya.ua/</p>\r\n', '0', 'Джамала, новая прическа, челка, культура', '0', '0');
INSERT INTO `news` VALUES ('37', '6', '2016-09-15 09:54:12', 'Виктория Бекхэм рассказала о семье: &quot;Мы как бродячий цирк&quot;', '<h1>&nbsp;</h1>\r\n\r\n<p><img alt=\"Виктория Бекхэм Фото: AFP\" src=\"http://www.segodnya.ua/img/article/7514/44_main.jpg\" style=\"float:right; height:250px; width:380px\" />Дизайнер призналась, что детям нравятся Spice Girls и они одобряют творчество мамы</p>\r\n\r\n<p><a href=\"http://www.segodnya.ua/culture/showbiz/dj-tiesto-oproverh-clukhi-o-cvoej-cmerti.html\">Виктория</a>&nbsp;Бекхэм стала участницей телешоу NBC &quot;Поздняя ночь с Сетом Майерсом&quot; (Late Night with Seth Meyers). Дизайнер на днях представила свою новую коллекцию на Неделе моды в Нью-Йорке, но с ведущим она обсудила не последние fashion-тенденции, а своих детей и их таланты.</p>\r\n\r\n<p>Сет Майерс спросил у Виктории про 5-летнюю Харпер &mdash; четвертого ребенка в семье Бекхэмов и единственную дочь. &quot;Это так здорово, когда у тебя есть доченька, мальчики с ней отлично ладят, а Дэвид так мило о ней заботится! Она немного бунтарка &mdash; любит поиграть в футбол. А одно время она постоянно ходила по дому в моих туфлях на каблуке. Я так ею горжусь&quot;,&mdash; говорит Виктория.</p>\r\n\r\n<p>Ведущий также вспомнил и про 11-летнего Круза, который в апреле поразил подписчиков Виктории в Instagram своими вокальными данными. &quot;Круз очень музыкальный мальчик. Однажды мы ехали в машине, и он просто напевал какую-то песню, я сказала: &quot;Ого, да ты отлично поешь!&quot;. Потом записали это видео со стаканом, где он поет&quot;, &mdash; вспоминает гордая мама.</p>\r\n\r\n<p>&quot;Наша семья прямо как бродячий&nbsp;<a href=\"http://www.segodnya.ua/culture/showbiz/kortnev-i-ckripka-borjutcja-za-redkikh-zhivotnykh.html\">цирк</a>: мы поем, мы танцуем, занимаемся футболом и модой, &mdash; все умеем&quot;,&mdash; шутит Виктория Бекхэм.</p>\r\n\r\n<p>Дизайнер также добавила, что детям нравятся Spice Girls и они одобряют творчество мамы, а Харпер даже учит песни и танцы из клипов группы.</p>\r\n\r\n<p>&nbsp;</p>\r\n\r\n<p>Источник:&nbsp;http://www.segodnya.ua,&nbsp;Виктория Бекхэм Фото: AFP</p>\r\n', '668', 'Виктория Бекхэм, семья, Spice Girls, культура', '0', '1');
INSERT INTO `news` VALUES ('38', '7', '2016-09-16 09:15:50', 'Высшее образование по-польски: тяжело поступить, но легче доучиться&nbsp;', '<h1>&quot;Закодированные&quot; студенты, городки-общежития&nbsp;и &quot;варунек&quot;&nbsp;</h1>\r\n\r\n<p><img alt=\"Ягеллонский университет. Хитрость и лень в нем пресекаются на корню, а креатив приветствуется.\" src=\"http://www.segodnya.ua/img/article/7497/46_main.jpg\" style=\"border-style:solid; border-width:1px; float:left; height:250px; margin:5px; width:380px\" /></p>\r\n\r\n<p>Ягеллонский университет. Хитрость и лень в нем пресекаются на корню, а креатив приветствуется.</p>\r\n\r\n<p>Считается, что в Украине уровень образования ниже, чем за границей, да и сам учебный процесс в других странах во многом отличается от нашего.</p>\r\n\r\n<p>&quot;Сегодня&quot; проверила эти &quot;слухи&quot; и пообщалась со студентами из нашей страны, которые решили избрать себе альма-матер за пределами родного государства. В этот раз мы расскажем о тех, кто поступил в вузы соседней Польши.</p>\r\n\r\n<p>По словам студентов Ягеллонского университета Дарьи Бухаровой и Илоны Крюковой, а также студента Морской академии в Щецине Андрея Седлецкого, их поразило то, что отметки могут быть с &quot;десятыми&quot;, которые суммируются между собой. К тому же выставляются без предубеждений, так как преподаватели часто даже не знают студентов по именам. Ребята похвалили систему, где хитрость и лень в получении знаний пресекается на корню, но при этом приветствуется креатив и фантазия, а шансов доучиться больше&nbsp;&mdash; благодаря сдачам задолженностей.</p>\r\n\r\n<p><strong>ПОСТУПЛЕНИЕ ДВАЖДЫ&nbsp;В ГОД И СОЦПОМОЩЬ</strong></p>\r\n\r\n<p>Учеба в польских вузах стартует 1 октября. &quot;Год включает в себя два семестра: с октября по февраль &mdash; зимний, с марта по июнь &mdash; летний, &mdash; рассказала нам студентка 3-го курса Ягеллонского университета Дарья Бухарова. &mdash; На обучение принимают студентов два раза в год, а главным негласно считается летний семестр &mdash; в зимний даже специальностей меньше. Еще поляки-первокурсники взрослее, чем украинские коллеги: в школу они идут с 7 лет, а по ее окончании многие берут год для раздумий&quot;. Есть три формы обучения: дневная (1&mdash;2 пары в день, кроме выходных), заочная (по субботам и воскресеньям 2 раза в месяц), и вечерняя (после 16:00, но есть не во всех вузах). &quot;Если ты учишься на дневном отделении, то на время учебы у тебя есть разрешение на работу в Польше&quot;,&nbsp;&mdash; добавила Дарья. Степень бакалавра уже считается высшим образованием, хотя есть вариант поступить в магистратуру (1,5&mdash;2 года) и даже иметь несколько дипломов не только по разным специальностям, но и в разных вузах. Желательно, чтобы специальности были похожими (например,&nbsp;<a href=\"http://kiev.segodnya.ua/kpower/kievljanam-razdadut-45-zapovedej.html\">учитель</a>&nbsp;и переводчик), но это не принципиально. Просто студенту нужно будет пройти какое-то количество курсов, которых при учебе на бакалавра не было. Документы польских вузов признаются во всех странах Европы.</p>\r\n\r\n<p><strong>ПОСТУПЛЕНИЕ И ОПЛАТА.</strong>&nbsp;В госвузах обучение бесплатное для поляков и иностранцев, которые имеют карту поляка, в частных &mdash; платное. Поступление &mdash; по конкурсу оценок в аттестатах, экзаменам и собеседованию. Также необходимо знать польский язык и разбираться в важных событиях страны. В госвузе социально нуждающиеся поляки могут выхлопотать стипендию, а загранстудент может претендовать на денежную помощь по личным обстоятельствам (ее надо обосновать) или поучаствовать в стипендиальной программе от Польского дома или частных фондов. &quot;Я поступил по карте поляка в Морскую академию в Щецине (спец. &quot;механик на кораблях&quot;), &mdash; рассказывает Андрей Седлецкий. &mdash; Для меня учеба была бесплатной (контрактники платили около 2200&nbsp;<a href=\"http://www.segodnya.ua/world/ministr-oborony-francii-o-mistralyah-my-ne-postavlyaem-oruzhie-neponyatno-komu-577262.html\">евро</a>). К тому же я получал стипендию 1 тыс. злотых в месяц, но еще и матпомощь один раз получил! Основанием было приобретение очков: вуз выделил 200 евро (80% их стоимости). А один студент написал, что у его родителей нет средств на&nbsp;<a href=\"http://kiev.segodnya.ua/kpower/kievenerho-hotovo-k-nachalu-otopitelnoho-cezona-na-vce-cto.html\">отопление</a>&nbsp;зимой, и ему выделили помощь&quot;.</p>\r\n\r\n<p>Источник:&nbsp;http://www.segodnya.ua</p>\r\n', '329', 'Польша, образование, поступление, студенты', '1', '1');
INSERT INTO `news` VALUES ('39', '7', '2016-09-15 09:59:43', 'Студентам будет сложнее получить стипендию &ndash; Гриневич', '<p><img alt=\"Лилия Гриневич. Фото: unn.com.ua\" src=\"http://www.segodnya.ua/img/article/7479/39_main.jpg\" style=\"border-style:solid; border-width:1px; float:left; height:250px; margin:5px; width:380px\" /></p>\r\n\r\n<p>Критерии для получения такой помощи ужесточат</p>\r\n\r\n<p>Социальные стипендии для студентов не отменят, но критерии для их получения должны быть повышены. Об этом заявила министр образования и науки Украины Лилия Гриневич, передает &quot;<a href=\"http://www.radiosvoboda.org/a/news/27959169.html\" rel=\"nofollow\" target=\"_blank\">Радио Свобода</a>&quot;.</p>\r\n\r\n<p>&quot;Обязательно останутся социальные стипендии. Для того, чтобы те, кому нужнее, получили стипендии. Но мы считаем, что условия для получения академической стипендии должны быть более жесткими. Сегодня она дается каждому с тройкой. Мы считаем, что только те, кто хорошо учится, должны получать академические стипендии&quot;, &ndash; отметила Лилия Гриневич.</p>\r\n\r\n<p>Напомним, накануне министр социальной политики Андрей Рева заявил, что отмена стипендий для студентов будет неправильным решением.</p>\r\n\r\n<p>Ранее сообщалось, что&nbsp;<a href=\"http://www.segodnya.ua/world/kudrin-ushel-v-otctavku-iz-za-raznohlacij-c-medvedevym.html\">Министерство финансов</a>&nbsp;предлагает урезать издержки на стипендии с нового бюджетного года.</p>\r\n\r\n<p>В Минобразования же сообщили, что инициативу Минфина не поддерживают.</p>\r\n\r\n<p>&quot;МОН не разрабатывал и не инициировал проекты нормативно-правовых актов, направленных на снижение уровня обеспечения стипендиями учеников и студентов&quot;, &ndash; сообщили в ведомстве.</p>\r\n\r\n<p>&nbsp;</p>\r\n\r\n<p>Источник:&nbsp;http://www.segodnya.ua,&nbsp;Лилия Гриневич. Фото: unn.com.ua</p>\r\n', '36', 'студенты, стипендия, образование, министерство финансов', '0', '1');
INSERT INTO `news` VALUES ('40', '7', '2016-09-16 09:19:17', 'Профессор разработал хитрую систему для распознавания скучающих студентов', '<p><img alt=\"Система отслеживает эмоции студентов. Фото: West China Metropolis Daily\" src=\"http://www.segodnya.ua/img/article/7516/9_main.jpg\" style=\"border-style:solid; border-width:1px; float:left; height:250px; margin:5px; width:380px\" /></p>\r\n\r\n<p>Она может быть полезна для ряда социальных проектов и исследований в области образования.</p>\r\n\r\n<p>В Китае профессор Вэй Сяойон разработал технологию распознавания лиц, которая определяет эмоции студентов и степень их заинтересованности в занятиях, сообщает The Telegraph.</p>\r\n\r\n<p>По данным издания, программа использует изображения с камер, которые записывают учащихся для анализа их эмоций. Для каждого из 324 студентов система создает диаграмму, которая показывает его эмоции и степень усталости.</p>\r\n\r\n<p>&quot;Когда мы получаем подобного рода информацию, то узнаем, где именно привлекаем внимание студентов. И тогда вы сможете понять, хорош ли ваш метод преподавания и подходит ли выбранный вами контент для учеников данного класса&quot;, &ndash; отметил Вэй.</p>\r\n\r\n<p>Вместе с тем, система позволяет узнать, насколько активно студенты участвуют в учебном процессе: &quot;Ученики, которые более активны во время лекции, получают более высокие баллы&quot;.</p>\r\n\r\n<p>Отмечается, что Сяойон начал использовать систему распознавания лиц на своих занятиях около пяти лет назад для того, чтобы отмечать посещаемость учеников. &quot;Она может быть полезна для ряда социальных проектов и исследований в области образования&quot;, &mdash; подытожил профессор.</p>\r\n\r\n<p>Отмечается, что Сяойон начал использовать систему распознавания лиц на своих занятиях около пяти лет назад для того, чтобы отмечать посещаемость учеников. &quot;Она может быть полезна для ряда социальных проектов и исследований в области образования&quot;, &mdash; подытожил профессор.</p>\r\n\r\n<p>Отмечается, что Сяойон начал использовать систему распознавания лиц на своих занятиях около пяти лет назад для того, чтобы отмечать посещаемость учеников. &quot;Она может быть полезна для ряда социальных проектов и исследований в области образования&quot;, &mdash; подытожил профессор.</p>\r\n\r\n<p>Отмечается, что Сяойон начал использовать систему распознавания лиц на своих занятиях около пяти лет назад для того, чтобы отмечать посещаемость учеников. &quot;Она может быть полезна для ряда социальных проектов и исследований в области образования&quot;, &mdash; подытожил профессор.</p>\r\n\r\n<p>&nbsp;</p>\r\n\r\n<p>Источник:&nbsp;http://www.segodnya.ua,&nbsp;Система отслеживает эмоции студентов. Фото: West China Metropolis Daily</p>\r\n', '37', 'студенты, IT, лекции, образование', '1', '1');
INSERT INTO `news` VALUES ('41', '3', '2016-09-15 10:08:49', 'В ЕС рассказали, чего ждать от предстоящего саммита в Братиславе', '<p><img alt=\"Европейские лидеры намерены обсудить будущее ЕС. Фото: AFP\" src=\"http://www.segodnya.ua/img/article/7519/63_main.jpg\" style=\"border-style:solid; border-width:1px; float:left; height:250px; margin:5px; width:380px\" /><span style=\"line-height:1.6\">В Братиславе будет предложен план действий ЕС до римской встречи</span></p>\r\n\r\n<p>Неформальный саммит&nbsp;<a href=\"http://www.segodnya.ua/politics/pnews/merkel-vystupila-za-usilenie-sankciy-protiv-rf-eto-ne-100-peremirie-551001.html\">ЕС</a>&nbsp;в Братиславе 16 сентября станет началом &quot;Братиславского процесса&quot;, который будет продолжаться в Валетте (на Мальте) и в Риме весной 2017 года, где пройдет<a href=\"http://www.segodnya.ua/regions/odessa/koho-karantin-rublem-nakazal.html\">юбилейный</a>&nbsp;саммит по случаю 60-й годовщины подписания Римского договора, сообщил в среду в Брюсселе журналистам высокопоставленный европейский чиновник на условиях анонимности.</p>\r\n\r\n<p>&quot;Мы запустим в Братиславе процесс, который будет называться &quot;Братиславским процессом&quot;. До юбилейной встречи в марте в Риме мы будем иметь возможность подготовить фундамент длительного будущего для союза из 27 государств&quot;, &ndash; объяснил собеседник СМИ суть этой перспективы.</p>\r\n\r\n<p>Вместе с тем в Братиславе будет предложен план действий ЕС до римской встречи.</p>\r\n\r\n<p>&quot;Этот план действий определит, прежде всего, приоритеты, по которым ожидаются решения и конкретные действия до Рима&quot;, &ndash; отметил источник.</p>\r\n\r\n<p>Отвечая на уточняющие вопросы журналистов, он пояснил, что на неформальном саммите не будут приняты официальные решения, его участники не готовятся работать над документами. Но план действий &ndash; это то, что надо сделать до Рима.</p>\r\n\r\n<p>Об этом плане, уточнил высокопоставленный функционер ЕС, будет сказано в заявлении главы Евросовета Дональда Туска, с которым он выступит после саммита.</p>\r\n\r\n<p>Ранее сообщалось, что на неформальной встрече в Братиславе лидеры ЕС обсудят дальнейшее будущее Евросоюза в свете Brexit.</p>\r\n\r\n<p>&nbsp;</p>\r\n\r\n<p>Источник:&nbsp;http://www.segodnya.ua,&nbsp;Фото: AFP</p>\r\n', '5657', 'ЕС, политика, Братислава, Евросоюз, саммит&nbsp;', '0', '1');
INSERT INTO `news` VALUES ('42', '3', '2016-09-15 10:11:53', 'Глава МВФ прокомментировала решение по траншу Украине', '<p>По словам Кристин Лагард, для обеспечения среднесрочной устойчивости Украине нужен дальнейший прогресс в финансовых реформах<img src=\"http://finance.liga.net/files/News/2016/09/15/49754/49754_image_large.jpg\" style=\"border-style:solid; border-width:1px; float:left; margin:5px\" /></p>\r\n\r\n<p>Директор-распорядитель МВФ Кристин Лагард положительно оценила усилия украинского правительства по восстановлению экономики в нынешний кризисный период, назвав акценты, на которые нужно обратить внимание в дальнейшем. Об этом, как сообщили в Фонде, она отметила во время заседания Исполнительного совета Фонда по Украине, которое состоялось в среду, передает&nbsp;<a href=\"http://www.ukrinform.ru/\">Укринформ</a>.</p>\r\n\r\n<p>&quot;Украина проявляет признаки восстановления, несмотря на сложные внешние условия и тяжелый экономический кризис. Активность набирает обороты при том, что инфляция быстро отступила, кроме того повышается уровень доверия&quot;, - дала оценку Лагард.</p>\r\n\r\n<p>Она отметила, что социальные и экономические издержки вследствие кризиса в Украине были высокими, впрочем, как ожидается, экономический рост будет еще выше в будущей перспективе.</p>\r\n\r\n<p>&quot;Этот прогресс во многом решаем благодаря реализации программы власти, в том числе, разумной макроэкономической политике, смелым шагам по приведению тарифов на энергию до уровня возмещения затрат, а также мероприятий по восстановлению банковской системы&quot;, - сказала глава Фонда.</p>\r\n\r\n<p>Вместе с тем, она обратила внимание, что для достижения целей программы МВФ для Украины, правительству нужно полностью имплементировать определенную ранее политику, учитывая &quot;значительные вызовы в будущем&quot;.</p>\r\n\r\n<p>Как подчеркнула Лагард, для обеспечения среднесрочной устойчивости Украине нужен дальнейший прогресс в финансовых реформах.</p>\r\n\r\n<p>&quot;Властям нужно избегать изменений в налоговой политике, которые приводят к росту дефицита. Акцент должен быть сделан на улучшении налогового и таможенного администрирования&quot;, - подчеркнула директор-распорядитель.</p>\r\n\r\n<p>Кроме того, она обратила внимание на пенсионную реформу, которая должна уменьшить большой дефицит Пенсионного фонда и довести пенсии до &quot;устойчивого&quot; уровня в течение времени.</p>\r\n\r\n<p>Глава Фонда также вспомнила о денежно-кредитную политику и реформы финансового сектора в Украине, которые &quot;начали приносить результаты&quot;. По ее словам, приоритетом здесь должно стать сокращение инфляции, восстановление международных резервов и постепенный отказ от административных мер, которые до сих пор имеют место.</p>\r\n\r\n<p>Важно также осуществить &quot;перестройку и разгосударствления госпредприятий&quot; и ввести уголовное преследование случаев коррупции на высоком уровне, добавила Лагард.</p>\r\n\r\n<p>Отдельно глава МВФ подчеркнула необходимость завершения реструктуризации суверенного долга Украины, которые принадлежат частным владельцам облигаций.</p>\r\n\r\n<p>Напомним, накануне исполнительный Совет директоров МВФ&nbsp;<a href=\"http://finance.liga.net/economics/2016/9/15/news/49746.htm\">одобрил выделение Украине очередного транша</a>&nbsp;по программе расширенного финансирования EFF на $1 млрд.</p>\r\n\r\n<p>В фонде также&nbsp;<a href=\"http://finance.liga.net/economics/2016/9/15/news/49753.htm\">назвали компромиссы</a>, на которые пошел МВФ для транша Украине.</p>\r\n\r\n<p>МВФ одобрил программу сотрудничества с Украиной с использованием механизма расширенного финансирования в марте 2015 года сроком на&nbsp;четыре года с объемом финансирования $17,5 млрд. В прошлом году Украина получила два транша по программе в объеме $5 млрд и $1,7 млрд.<br />\r\n<br />\r\nМинфин отмечает, что программа EFF призвана повысить уровень резервов Нацбанка, предотвратить отток капитала, усилить меры по стабилизации платежного баланса страны.</p>\r\n\r\n<p>Источник: http://finance.liga.net,&nbsp;Кристин Лагард (фото - ЕРА)</p>\r\n', '3603', 'МВФ, Кристин Лагард, Украина, транш', '0', '1');
INSERT INTO `news` VALUES ('43', '3', '2016-09-15 12:53:43', 'Переселенцы рассказали о ситуации в Донецке: Жить там невозможно', '<p>На въезде в город людей встречают облезшие рекламные щиты, закрытые магазины и торговые киоски, пустые автозаправки и общее ощущение безнадежности</p>\r\n\r\n<p><img alt=\"Переселенцы рассказали о ситуации в Донецке: Жить там невозможно\" id=\"material-image\" src=\"http://news.liga.net/upload/resize_cache/iblock/5ae/380_230_2/5aee7da07255b56d2e2751fcde9027d4.jpg\" style=\"border-style:solid; border-width:1px; float:left; height:230px; margin:5px; width:380px\" title=\"Переселенцы рассказали о ситуации в Донецке: Жить там невозможно\" /></p>\r\n\r\n<p>Переселенцы, покинувшие Донецк после начала войны, по возвращении подвергаются обыскам со стороны боевиков, испытывают гнетущие впечатления от оккупированного города. Об этом они рассказал в интервью газете&nbsp;<a href=\"http://www.segodnya.ua/regions/donetsk/kak-mozhno-bylo-tak-ubit-gorod-vpechatleniya-vozvrativshihsya-v-doneck-zhiteley-677349.html\">Сегодня</a>.</p>\r\n\r\n<p>&quot;Меня буквально ломало от мысли, что мой паспорт смотрит какое-то чумазое грязное недоразумение в камуфляже, и что он имеет больше прав, потому что у него на пузе болтается автомат. Сначала это недоразуменье требовало открыть багажник, сумку, потыкало в пакеты с детскими игрушками, спросило, не везу ли я их продавать. Меня аж трясло от возмущения - пришлось сдерживаться, глядя на оружие. Зато на блокпосту у них стоит позолоченный бюст Ленина - они на него молятся, что ли?&quot;, - рассказала дончанка Юлия Гальченко.</p>\r\n\r\n<p>По словам посетивших оккупированный Донецк, на въезде в город людей встречают облезшие рекламные щиты, закрытые магазины и торговые киоски, пустые автозаправки и общее ощущение безнадежности.</p>\r\n\r\n<p>&quot;Мне постоянно хочется плакать, когда я вижу пустые дороги, забитые людьми троллейбусы и трамваи - и не потому, что людей в городе много, а потому что троллейбусы и трамваи ходят плохо и редко. Когда вижу людей в очередях за пенсией или что там им платят&hellip; Когда вокруг - одни стариковские лица и почти нет молодежи&quot;, - цитирует газета дончанку Людмила Зварич.</p>\r\n\r\n<p>Портреты Сталина у театра, начищенные до блеска барельефы с революционными сюжетами, памятные доски с лицами боевиков ДНР и их кличками на домах, постоянные &quot;государственные праздники&quot;, на которые устали ходить даже самые активные сепаратисты, &quot;инициативы&quot; по возрождению пионерии и созданию организации &quot;юных захарят&quot; - все это вызывает ужас и недоумение переселенцев.</p>\r\n\r\n<p>&quot;Мы только Новый год здесь встретим - и сразу обратно. Жить здесь невозможно, только существовать приходится&quot;, - пожаловалась переселенка Мария Шевкунова.</p>\r\n\r\n<p>Еще один шокирующий для неподготовленных людей момент - цены на товары в Донецке. По мнению переселенцев, заявленный главарями ДНР курс гривны к рублю в торговых сетях 1:2, мягко говоря, неадекватный.</p>\r\n\r\n<p>&quot;Реально умножают на 2,5-3 или даже больше, мы можем сравнить цены. Упаковка кофе - 170 рублей, тогда как у нас аналогичная стоит около 40 гривен. Яйца - от 18 до 28, если самые отборные. В Донецке самые дешевые - 56 рублей. Зимняя мужская куртка - 5000 рублей, а у нас такую же можно взять за 1500-2000 гривен. И это касается практически всего&quot;, - говорит нынешний житель Мариуполя Константин Мальгин.</p>\r\n\r\n<p><img src=\"http://news.liga.net/upload/medialibrary/de4/de47e52c3b7051b53f0081015e1756d6.jpg\" style=\"height:736px; width:630px\" />&nbsp;<br />\r\n<em>Фото: соцсети</em></p>\r\n\r\n<p>Страшная дороговизна и невысокое качество продуктов, одежды и обуви также отмечают гости Донецка. По их словам, видно, что дончане буквально гоняются за украинскими товарами, но их все меньше и меньше.</p>\r\n\r\n<p>Приехавшие жалуются, что атмосфера в Донецке далека от праздничной. &quot;Слышны выстрелы где-то в районе Песков, и их никак за фейерверк не примешь. Снега нет, иллюминации той, как раньше была, тоже нет. За два года так и не отремонтировали разбитые обстрелами Дворец молодежи Юность и краеведческий музей, не заделали горевшее крыло ледовой арены Дружба, здания в Киевском районе по-прежнему стоят с выбитыми стеклами. Трамваи до вокзала не ходят, троллейбусы не идут на поселок Октябрьский, кладбища в том районе закрыты для посещений. Как можно было так убить город?&quot; - негодует Галина Кравченко, которая впервые за полтора года приехала в Донецк.</p>\r\n\r\n<p>&nbsp;</p>\r\n\r\n<p>Источник:&nbsp;http://news.liga.net</p>\r\n', '2366', 'Донецк, Украина, переселенцы', '1', '1');
INSERT INTO `news` VALUES ('44', '3', '2016-09-19 07:31:03', 'Вступило в силу постановление Совета ЕС о продлении еще на полгода индивидуальных антироссийских санкций', '<p><img alt=\"\" src=\"http://images.interfax.com.ua/img/3007_102334.jpg\" style=\"border-style:solid; border-width:1px; float:left; margin:5px\" />В &quot;Официальном журнале&quot; Европейского союза в пятницу опубликовано постановление Совета ЕС от 15 сентября о продлении на шесть месяцев - до 15 марта 2017 года - индивидуальных санкций в отношении 146 российских и украинских физических и 37 юридических лиц.</p>\r\n\r\n<p>В эти списки входят люди и организации, которых в ЕС считают ответственными за нарушение территориальной целостности Украины и ущерб ее суверенитету. Санкции заключаются в замораживании банковских активов в странах Евросоюза и запрете на выдачу виз для поездок в государства ЕС.</p>\r\n\r\n<p>Постановление вступило в силу с момента публикации в сборнике официальных документов Европейского союза.</p>\r\n\r\n<p>Позиция Европейского Союза относительно незаконной аннексии Крыма и Севастополя остается неизменной, подчеркивает вице-президент Европейской комиссии по евро- и социальному диалогу Валдис Домбровскис.</p>\r\n\r\n<p>&quot;Что касается выборов, то, как вы знаете, Европейский Союз придерживается своей политики непризнания незаконной аннексии Крыма и Севастополя, и Европейский Союз и далее будет продолжать следовать этой политике&quot;, - сказал В.Домбровскис в ходе совместного брифинга с премьер-министром Украины Владимиром Гройсманом в пятницу в Киеве отвечая на вопрос, признает ли Еврокомиссия легитимность выборов в Государственную Думу РФ,, которые состоятся 18 сентября.</p>\r\n\r\n<p>Источник:&nbsp;http://interfax.com.ua</p>\r\n\r\n<p>&nbsp;</p>\r\n', '360', 'санкции, Европейский Союз, РФ, Крым, выборы, ЕС', '0', '1');
INSERT INTO `news` VALUES ('45', '3', '2016-09-18 07:31:52', 'Российские резервы почти истощились - кремлевское СМИ', '<p>Средства Резервного фонда могут закончиться в этом году, а средства из Фонда национального благосостояния власти РФ могут начать тратить в 2017 году</p>\r\n\r\n<p><img alt=\"Российские резервы почти истощились - кремлевское СМИ\" id=\"material-image\" src=\"http://news.liga.net/upload/resize_cache/iblock/5b9/380_230_2/5b921dc5a976a4a4ace7fa13ed37312b.jpg\" style=\"height:230px; width:380px\" title=\"Российские резервы почти истощились - кремлевское СМИ\" /></p>\r\n\r\n<p>Путин и Медведев (фото - EPA)</p>\r\n\r\n<p>Средства Резервного фонда могут закончиться уже в этом году или в начале следующего года, а средства из Фонда национального благосостояния российские власти могут начать тратить в 2017 году. Об этом сообщил близкий к Минфину источник, передает&nbsp;<a href=\"http://tass.ru/ekonomika/3629037\" target=\"_blank\">ТАСС</a>.</p>\r\n\r\n<p>&quot;Там чуть-чуть останется на следующий год, а, может быть, и израсходуют (в текущем году - прим. ред.), если приватизация не случится в планируемом объеме. Но, скорее всего, в начале следующего года&quot;, - сказал собеседник агентства.</p>\r\n\r\n<p>Он также не исключил, что в 2017 году будут тратиться средства из Фонда национального благосостояния (ФНБ). &quot;Пока правительство от этого не отказалось&quot;, - сказал он.</p>\r\n\r\n<p>По данным Минфина РФ, Резервный фонд за август 2016 года снизился на 18,4% - до 2,09 трлн рублей, ФНБ - на 2,5% - до 4,719 трлн рублей.</p>\r\n\r\n<p>В августе министерство в третий раз в 2016 году перечислило из Резервного фонда средства на покрытие дефицита бюджета - в размере 390 млрд рублей.</p>\r\n\r\n<p>Всего в 2016 году Минфин планировал потратить из Резервного фонда 2,1 трлн рублей. Как сообщал ранее министр финансов РФ Антон Силуанов, удержать траты Резервного фонда на этом уровне в текущем году будет непросто, так как сумма формировалась из расчета цены на нефть в $50 за баррель. Сбалансировать траты при меньшей цене Минфин рассчитывает за счет доходов от приватизации госактивов.</p>\r\n', '50', 'экономика, россия', '1', '1');
INSERT INTO `news` VALUES ('46', '1', '2016-09-18 19:38:49', 'Россия объявила допинговую войну остальному миру - немецкие СМИ', '<p>По мнению журналиста Зеппельта, автора фильмов-расследований о запрещенных препаратах в спорте, РФ должны отстранить от участия во всех соревнованиях&nbsp;</p>\r\n\r\n<p><img alt=\"Россия объявила допинговую войну остальному миру - немецкие СМИ\" id=\"material-image\" src=\"http://news.liga.net/upload/resize_cache/iblock/3ac/380_230_2/3ac84632c694cf27b2060a523b85a566.jpg\" style=\"border-style:solid; border-width:1px; float:right; height:230px; margin:5px; width:380px\" title=\"Россия объявила допинговую войну остальному миру - немецкие СМИ\" /></p>\r\n\r\n<p>Немецкий журналист Хайо Зеппельт, ставший автором многочисленных фильмов-расследований о применении запрещенных препаратов в российском спорте, считает, что Россия объявила допинговую войну остальному миру.</p>\r\n\r\n<p>&quot;Россия начала допинговую войну. Мне не кажется, что эта страна признала наличие государственной системы допинга. Россия игнорирует факты и пытается скрыть правду.</p>\r\n\r\n<p>Я не вижу возможностей для восстановления этой страны в международном спорте. Это может случиться лишь при условии, если Россия признает наличие проблемы&quot;, - цитирует Зеппельта&nbsp;<a href=\"http://www.vg.no/sport/doping/tysk-journalist-russland-har-skapt-doping-krig/a/23795114/\" target=\"_blank\">VG</a>.</p>\r\n\r\n<p>По словам Зеппельта, если подтвердится участие российских властей в хакерской атаке на систему WADA, в результате которой были опубликованы данные об использовании допинга спортсменами с разрешения организации, то Россия должна быть отстранена от участия во всех соревнованиях.</p>\r\n\r\n<p>&quot;Если Россия не перестанет перекладывать вину на других - на СМИ, на Всемирное антидопинговое агентство (WADA) - не прекратит разговоры о теории заговора и не закончит угрожать людям, если окажется, что за хакерской атакой на WADA стоят российские власти, то тогда нужно рассмотреть вопрос об отстранении России от всех соревнований.</p>\r\n\r\n<p>Угрозы в мой адрес? Я не буду комментировать детали. Скажу лишь, что они поступали&quot;, - добавил немецкий журналист.</p>\r\n\r\n<p>Глава независимой комиссии WADA Ричард Макларен ранее признал, что применение препаратов, содержащих запрещенные вещества, в терапевтических целях может использоваться для ведения нечестной борьбы в спорте.</p>\r\n\r\n<p><strong>Подписывайтесь на аккаунт ЛІГА.net в&nbsp;<a href=\"http://twitter.com/LIGAnet\" onclick=\"ga(\'send\', \'event\', \'snippets\', \'click\', \'twitter_in_text\');\" target=\"_blank\">Twitter</a>&nbsp;и&nbsp;<a href=\"http://www.facebook.com/liga.net\" onclick=\"ga(\'send\', \'event\', \'snippets\', \'click\', \'fb_in_text\');\" target=\"_blank\">Facebook</a>: в одной ленте - все, что стоит знать о политике, экономике, бизнесе и финансах.</strong>&nbsp;</p>\r\n', '70', 'доппинг, Россия, спорт, соревнования', '0', '1');
INSERT INTO `news` VALUES ('47', '1', '2016-09-19 10:09:25', 'Украина попала на чемпионат как сборная, которая заняла второе место в своей группе во время отбора', '<p>Украина попала на чемпионат как сборная, которая заняла второе место в своей группе во время отбора</p>\r\n\r\n<p><img alt=\"Украинская сборная вышла на Евробаскет-2017\" id=\"material-image\" src=\"http://news.liga.net/upload/resize_cache/iblock/9c6/380_230_2/9c60e43c4201f46a1044e2272c9885f6.jpg\" style=\"height:230px; width:380px\" title=\"Украинская сборная вышла на Евробаскет-2017\" /></p>\r\n\r\n<p>Фото: fiba.com</p>\r\n\r\n<p>Украинская сборная сыграет на форуме сильнейших европейских команд Евробаскет-2017. Об этом сообщает&nbsp;<a href=\"http://basketball.sport.ua/news/318844\" target=\"_blank\">sport.ua</a>.&nbsp;</p>\r\n\r\n<p>В заключительном матче отбора команда проиграла сборной Словении, но попала на турнир, как сборная, занявшая второе место в группе.&nbsp;&nbsp;</p>\r\n\r\n<p>Украина стала одной из четырех лучших вторых сборных.&nbsp;&nbsp;</p>\r\n\r\n<p>Турнир состоится с 31 августа по 17 сентября следующего года, а игры пройдут сразу в четырех странах - Израиле, Румынии, Турции и Финляндии. Жеребьевка финальной части Евробаскета состоится 22 ноября в Турции.&nbsp;&nbsp;</p>\r\n\r\n<p>&nbsp;</p>\r\n', '99', 'спорт, баскетбол ', '0', '1');

-- ----------------------------
-- Table structure for style
-- ----------------------------
DROP TABLE IF EXISTS `style`;
CREATE TABLE `style` (
  `id` int(2) NOT NULL AUTO_INCREMENT,
  `name` varchar(255) DEFAULT NULL,
  `color` varchar(255) DEFAULT NULL,
  PRIMARY KEY (`id`)
) ENGINE=InnoDB AUTO_INCREMENT=3 DEFAULT CHARSET=utf8;

-- ----------------------------
-- Records of style
-- ----------------------------
INSERT INTO `style` VALUES ('1', 'main', 'white');
INSERT INTO `style` VALUES ('2', 'hader', '#1d75b3');

-- ----------------------------
-- Table structure for subscribers
-- ----------------------------
DROP TABLE IF EXISTS `subscribers`;
CREATE TABLE `subscribers` (
  `id` int(5) NOT NULL AUTO_INCREMENT,
  `name` varchar(255) DEFAULT NULL,
  `email` varchar(255) DEFAULT NULL,
  PRIMARY KEY (`id`)
) ENGINE=InnoDB AUTO_INCREMENT=16 DEFAULT CHARSET=utf8;

-- ----------------------------
-- Records of subscribers
-- ----------------------------
INSERT INTO `subscribers` VALUES ('6', 'Катя', 'katematvienko@mail.ua');
INSERT INTO `subscribers` VALUES ('7', 'Fill', 'Fill78@mail.ua');
INSERT INTO `subscribers` VALUES ('8', 'Tilden', 'tildenmos@mail.ua');
INSERT INTO `subscribers` VALUES ('9', 'Mike', 'mike8845@mail.ua');
INSERT INTO `subscribers` VALUES ('10', 'roma', 'romavolkov@mail.ua');
INSERT INTO `subscribers` VALUES ('11', 'arjarj', 'srh');
INSERT INTO `subscribers` VALUES ('12', 'arharha', 'sdgdhad');
INSERT INTO `subscribers` VALUES ('13', 'Michael', 'misha_sdjgl@mail.ru');
INSERT INTO `subscribers` VALUES ('14', 'Mika', '361@mail.ua');
INSERT INTO `subscribers` VALUES ('15', 'Anaf', 'alkjbgkjl@mail.ru');

-- ----------------------------
-- Table structure for users
-- ----------------------------
DROP TABLE IF EXISTS `users`;
CREATE TABLE `users` (
  `id` int(11) NOT NULL AUTO_INCREMENT,
  `email` varchar(255) NOT NULL,
  `password` varchar(255) NOT NULL,
  `role` char(20) DEFAULT NULL,
  PRIMARY KEY (`id`),
  KEY `email` (`email`)
) ENGINE=InnoDB AUTO_INCREMENT=17 DEFAULT CHARSET=utf8;

-- ----------------------------
-- Records of users
-- ----------------------------
INSERT INTO `users` VALUES ('3', 'mishamart@mail.ru', '$2y$10$kAntkcp98NRMl7vQGAGP5.IKh0v581Knw9pUNvQORtMZFVYrkNH1G', 'admin');
INSERT INTO `users` VALUES ('10', 'antonmart@mail.ru', '$2y$14$.SX8R4AIXmVpBYxx3r7XJuuGQqsc7xmJWQzfZL1AZCUoEw.iyPRzq', 'user');
INSERT INTO `users` VALUES ('11', 'alena@mail.ru', '$2y$14$f4SQtOmt0UiadeFWz72mQ.jS60I59RVlzc0S90eKOqeHb8MkBmf6q', 'user');
INSERT INTO `users` VALUES ('12', 'maria@mail.ru', '$2y$14$ueZ/mLgaQHMF3I2FnQ790utbbX68QYr9Xomr93oxgACnTtXfP1EOK', 'user');
INSERT INTO `users` VALUES ('13', 'lolita@mail.ru', '$2y$14$QbuvzpBXyLO5JC7m/mC0DeHnus2AO9/2jPQbkc.ihP9xrDOfz0fUK', 'user');
INSERT INTO `users` VALUES ('14', 'nikolay@mail.ru', '$2y$14$X0On63wXrnc1mBoUFjIvCuWTk/D1K6xUHJoT6YNN2KIMznxc4nNni', 'user');
INSERT INTO `users` VALUES ('15', 'anatoliy@mail.ru', '$2y$14$QL4KdHEoUBLVv6TsGmrA5..DxQgMC2wrbaBGz.7OqS73zkHHG1Gmq', 'user');
INSERT INTO `users` VALUES ('16', 'mishauser@mail.ru', '$2y$14$s0sFOcbOUL3rpsTMagZkv.Y1gmdHTqVw3uSbz/LSXbowWfVkkOG96', 'user');
